Sentence	Label	word_count
میں نے ایٹم بم بنایا ھے ۔۔۔۔او بھائی ایٹم بمب کوٹ لکھپت والی اتفاق فیکٹری میں نہیں بنتا۔ایٹم بم کہوٹہ کی ایٹمی۔۔۔ 	1	22
سرچ انجن گوگل کے نائب صدر نے فضا میں ، 130,000 فٹ کی بلندی پر چھلانگ لگا کر عالمی ریکارڈ قائم کرلیا۔ چھلانگ کی۔۔۔ 	1	24
 گندی زبان اور گٹر جیسے دماغ والے جاهل جیالے هو تم۔ جیالا هو اور جاهل نه هو یه ممکن نهیں ۔	0	21
 یہ لفظوں كى شرارت ھے سنبهل کر کچھ بهى لِكهنا تم محبت لفظ ھے ليكن یہ اكثر هو بهى جاتى ھے ۔۔۔۔!!!	1	22
سوچا تھا شہباز شریف وہاں سے کام آگے لے کر جائیں گے جہاں ہم نے چھوڑا چودھری پرویز الہٰی چودھری نے پنجاب تباہ کیا شہباز نے ترقیاتی کام کیے پنجاب کو سنوار دیا	1	33
مؤرخ لکھے گاکہ مملکتِ خداد پر ایسا کڑا وقت بھی آیا کہ ایک ڈی جے کو پالنے کیلیے کسی لیڈر کو چندہ مانگناپڑ گیا۔چندے سے انقلاب	0	26
سہیل بخاری کا کہنا تھا کہ تعزیتی ریفرنس میں یاسین ملک کے قریبی دوستوں کی شرکت نہ کرنے پر انہیں بہت افسوس ہے 	0	23
ایک شرابی کے ہاں ہر وقت شراب کا دَور رہتا تھا۔ایک مرتبہ اس کے دوست احباب جمع تھے شراب تیار تھی اس نے اپنے غلام۔۔۔ 	0	25
 ا عمران خان کو ان دنوں شیدے کو دور بھگا دینا چاہیے جب ,اسکے بیٹے پاکستان میں ہوں ، یہ چھڑے چھانٹ اخلاقی گراوٹ کا شکار ہوتے ہیں ۔	0	29
ﺍﻧﻘﻼﺏ ﮐﺎ ﺍﯾﺠﻨﮉﺍ ﻧﮧ ﺑﺪﻻ ﮨﮯ ﻧﮧ ﺑﺪﻟﮯ ﮔﺎ، ﮐﯿﺌﺮﭨﯿﮑﺮ ﺣﮑﻮﻣﺖ ﺑﮭﯽ ﻗﻮﻣﯽ ﺣﮑﻮﻣﺖ ﺑﻦ ﺳﮑﺘﯽ ﮨﮯ ﻣﮕﺮ ﻣﮏ ﻣﮑﺎ ﻭﺍﻟﯽ ﺣﮑﻮﻣﺖ ﻧﮩﯿﮟ ﭼﺎھتے ۔طاہر القادری	1	26
۔ تحریک انصاف ضمنی انتخابات میں حصہ نہیں لے گی،ترجمان شیریں مزاری۔ جی ہان مگر قبضہ مافیا اور لوٹوں کی حمایت ضرور کرے گی	0	24
وینا ملک کا بیٹا سوشل میڈیا پر مقبولیت میں شلپا شیٹھی کے بیٹے سے آگے : کراچی۔۔۔۔۔۔۔۔۔ وینا ملک کے بیٹے ابرام خان۔۔۔ 	1	23
اسلام آباد: چیرمین تحریک انصاف عمران خان کا کہنا ہے کہ محرم الحرام آنے کے باوجود ہم اسلام آباد سے نہیں جائیں گے ۔۔۔ 	1	24
 جس قسم گندے الفاظ فضلو نے دھرنے کی خواتین کے بارے میں استعمال کئے اس پر تمام سیاسی اور مزھبی جماعتوں کو انکا بائکاٹ کرنا چاہئے 	0	26
 جنوبی پنجاب کا سارا پیسہ صرف لاہور پہ لگتاہے تب کوئی پٹواری نئیں کہتا کہ واقعی انہیں حق دو گجرات یونیورسٹی کا دکھ ہے 	1	24
ایم کیوایم کے قائد الطاف حسین کی تصنیف ’’فلسفہ محبت ‘‘ کے انگریزی ترجمہ کی تقریب اجراء 24اکتوبر جمعہ کی شام میریٹ ہوٹل میں منعقد ہوگی	1	26
سردار بنے سے پہلے علم حاصل کرو، کہیں ایسا نہ ہو کہ سرداری کا غرور تمہیں طلبِ علم سے روک دے اور تم جاہل بن کر زندگی گذارو ۔ سیدنا عُمر فاروقؓ	1	32
ایم کیوایم کا آزاد کشمیر حکومت سے علیحدگی کا اعلان اسکے ساتھ ہی حکومت سے اندر باہر ہونے کا عالمی ریکارڈ بھی بنا ڈالا۔ سیاسی لطیفے 	0	26
 اوہ معذرت، بے دھیانی، کئی مہینوں بعد فون سننا پڑ گیا دماغ ہی بند ہوگیا، عادت نہیں فون پر بات کرنے کی :پ	0	23
ڈات کے کهڑا هے آب عمر انٹهیک کرے گا سب کپتان نیاء بنے گا پاکستان نیاء بنے گا پاکستان انشاء آللہ 	1	21
مشرف کے دوست شیرافگن نے کہا تھا کہ فضل الرحمن کواس شرط پر اپوزیشن لیڈر بنایا گیا تھا کہ وہ مشرف کی پالیسیوں کی حمایت کریں گے ڈیزل کی اصلیت	1	30
 میں ابھی باہیک پر مری روڈ راولپنڈی سے آیا ھوں ۔ میٹرو کے کام کی وجہ سے مری روڈ پر بہت زیادہ گرد و غبار ھے ٹریفک کا جام رہنا معمول ھے 	0	32
ایرانی دہشتگرد امین شہیدی نے 30 اگست کو اسلام آباد میں مولانا فضل الرحمن سے انتقام کا اعلان کیا تھاوہی ہوا۔۔ بس الله نے مولانا کو بچا لیا	1	28
حدیثا الله کاذکر ایمان کاجھنڈا شیطان سے حفاظت کا قلعه اور بھڑکتی آگ (نارجهنم) سے نجات کاذریعه ھے )گلدستهء فقر صفحه118(	1	21
شیخ جیسا بے شرم جسے میں اپنا چپڑاسی بھی نہ رکھو۔سچ ہی تو کہا ہے چپڑاسی نہیں رکھے گا پارٹنر بنائے گا۔ 	0	22
عمران بھائی اپ کے لطیفوں پر تو اب لوگ کا فی زور کا ہنستے ہیں ۔ آپ اپنے شوز کا ٹکٹ لگا لیں پیسے مل جائیں گے اور مانگنے کی شرمندگی بھی نہ ہو گی	1	35
تین چیزیں محبت بڑھانے کا ذریعه ھیں )1( سلام کرنا )2( دوسروں کے لیے مجلس میں جگه خالی کرنا )3( مخاطب کو بھترین نام سے پکارنا )حضرت عمر (	1	29
وقت کا تقاضا ہے کہ وسائل کی منصفانہ تقسیم کے لیے انتظامی بنیادوں پر صوبے بنائے جائیں ۔ انھیں مالی وسیاسی اختیارات دئے جائیں ۔ وفاق مشترکہ وحدت بنے ۔	1	30
جناب اسپیکر آج سے نون لیگ کو منافق لیگ کا نام دیا جائے کیونکہ نون لیگ نے سچ تو کبھی بولنا نہیں 	0	22
کشکول توڑنے کا دعویٰ پاکستان کو قرضوں میں ڈبو گیا۔غیر ملکی قرضے 65 ارب ڈالر سے تجاوز۔ ہر پاکستانی 80،000 سے زائد روپے کا مقروض۔ قرضے 1600 کھرب تک پہنچ گئے 	0	31
 عمران خاں زنا اور اپنے ناجائز بچوں کو پرائیویٹ معامله کھتا ھے کیا ایسے شخص کے پیچھے قوم کو چلنا چاھیے 	0	21
لوٹ آنے کی امیدیں ٹوٹ پائی هی نهیں بند هو پائے نهیں هیں اب بهی در، کهنا اسے (ملک عدنان احمد)	0	21
غذائی قلت کا شکار مزید دو بچے سول اسپتال مٹھی میں دم توڑ گئے : تھر پارکر۔۔۔۔۔۔۔۔تھر پارکر میں غذائی قلت کا شکار م۔۔۔ 	0	24
ﻣﺎﺩﺭ ﺟﻤﮩﻮﺭﯾﺖ ﺑﯿﮕﻢ ﻧﺼﺮﺕ ﺑﮭﭩﻮ ۔ﮧﺒﺣﺎﺍﯾﺮﺍﻥ ﮐﯽ ﺑﯿﭩﯽ ﻧﺼﺮﺕ ﺑﮭﭩﻮ ﭘﺎﮐﺴﺘﺎﻥ ﮐﯽ ۔۔۔ ۔ﯽﻨﺑ ﮞﺎﻣﺍﻧﮩﻮﮞ ﻧﮯ ﺳﻘﻮﻁ ﮈﻫﺎﮎ ﮐﮯ ﺑﻌﺪ ﺑﮑﻬﺮﮮ۔۔۔ 	1	21
انشا جی اٹھو اب کوچ کرو اس شہر میں جی کا لگانا کیا ہاہاہا اور یہ کہ کر قادری صاحب شہر اقتدار پر بہت بڑا احسان کر گے 	1	28
 لوگوں سے دھرنے کے لیے چندہ مانگنے والا اپنا 300 کنال کا بنی گالہ کا گھر کیوں نہیں پیج کر دھرنے خرچے پورے کرتا؟	1	24
شامی صاحب تو ایڈیٹر اور تجزیہ نگار ہیں میں رپورٹر ہوں جو اینٹ اٹھاتا ہوں بڑے بڑے کرپشن سکینڈل نکلتے تو میں جذباتی کیوں نہ ہوں :رؤف کلاسرا	0	28
"اسلام آباد: مولانا فضل الرحمان پر حملے کے خلاف کل ملک بھر میں یوم مذمت منایا جائے گا، علامہ محمد احمد لدھیانوی"""	0	22
حنیف محمد کے پوتے شہزر محمد نے پاکستان کرکٹ میں پی آئی اے کی طرف سے سنچری بنا کر ریکارڈ بک میں اپنا نام منفرد تعارف کے طو پر درج کرا دیا	1	32
ایدھی سنٹر ڈکیتی: مرکزی ملزم سابقہ ملازم،2 گرفتار: کراچی ۔۔۔۔۔ شہر قائد میں ایدھی ٹرسٹ کے ہیڈ آفس میں ڈکیتی کرنے … 	0	22
تمام اہل اسلام کو نیا اسلامی سال مبارک ہو ۔الله پاک یہ سال ہمارے لیئے رحمتوں اور برکتوں کا باعث بنائے ہمارے حال۔۔۔ 	1	23
ریالٹی تو یہ ہے ہمارے دونوں انقلابی گو نواز گو اور جلسوں کو اپنی کامیابی قرار دے رہے ہیں ۔یہ دونوں کام تو ان دھرنوں کے بغیر بھی ہو سکتے تھے 	1	31
پاکستان کی ٹیم میں ،احمد شہزاد، محمد حفیظ، اظہر علی، یونس خان، مصباح الحق،اسد شفیق، سرفراز احمد، ذوالفقار بابر، عمران خان، یاسر شاہ، اور راحت علی شامل،	2	27
وہ جو بیچتے تھے دوائے دل،،، وہ دکان اپنی بڑھا گئے ۔ شاہراہ دستور سے عوامی تحریک کے کارکنوں کی واپسی،، سی ڈی اے نے صفائی مہم شروع کردی	1	29
لاہوریوں نے اجتماع عام کے لیے دل کے دروزے کھول دیے ۔ ڈونرز کانفرنس میں ڈیڑھ کروڑ سے زائد رقم جمع کروا دی	1	23
 سائن آوٹ کرو اور کوئی اچھی سی کتاب پڑھو۔آپ زیادہ آوٹنگ نہیں کرتے شائد۔ ٹویٹر سے باھر بھی نکلا کرو ۔	1	21
ہر کچھ عرصے بعد انقلاب کے نام پر یہ ناٹک اس خوف کے پیش نظر رچایا جاتا ہے کہ عوام کہیں حقیقی انقلاب کے لئے ہی کھڑے نہ ہو جائیں ۔	0	31
 استعفیٰ کی بعد تو ہم پارلیمنٹ سے ہی باہر ہو جائیں گے قادری کی طرح ہمیں شرپسند عناصر کہا جائے گا	0	21
فقیر وہ ہے جو اپنی غلطیوں پر اپنا احتساب کرے اور دوسروں کی اچھائیوں پر نظر ؟؟کھے نا کے دوسروں کو گالیاں دے اور خود کو فرشتہ سمجھے 	1	28
 سوشل میڈیا پہ تو ہر کوئی کچھ بھی کہہ لیتا ھے اگر آپ احمدیوں کے لئے پرنٹ یا الیکٹرونک میڈیا پہ آواز اٹھائو تو بات اے 	1	26
فقیری اچھی پروہ جوآپ کولوگوں سے بے نیاز کردے نا کے وہ فقیری جس میں آپ لوگوں کی نیاز کے ہوں محتاج اور ہاتھ پھیلاتے پھریں سب کے سامنے 	0	29
گوجرہ میں قتل اور ڈکیتی کے گرفتار ملزمان کی نشاندہی پر اسلحہ برآمدپولیس نے قتل اور ڈکیتی کے گرفتار ملزمان کی۔۔۔ 	0	21
خدا کے لیے کوئی کینڈی کرش ساگا گیم کھیلنے کے لئے جو لوگ مجھ کو انوائیٹ کرتے ہیں ان سے جان چھڑوائے خدا لئے ۔۔۔ 	1	25
ساحر لدھانیوی ، عصمت چغتائی ، راجندر سنگھ بیدی ، علی سردار جعفری اور دیگر ترقی پسند ادیب ساحل سمندر پر اکٹھے ہیں ۔۔۔ 	1	24
میں تحریک انصاف اور عوامی تحریک کے کارکنوں سے کہتا ہوں کہ اگر ہم سے کوئی سے کوئی بھی پیچھے ہٹے اسے چھوڑدینا، اگر ۔۔۔ 	0	25
دولت واقعی آزمائش ھے ۔ اساتذہ اور تحقیق کرنے والوں کیلئے ھمارا بجٹ صرف 10 ھزار ھوتا ھے جبکہ ساوں ڈ سسٹم والے ڈی جے کیلئے ستائیس لاکھ :)انصاف	0	29
جب تک ذندہ ہوں یہیں بیٹھوں :پاکستان خان وطن کی مٹی مجھے ایڑیاں رگڑنے دے مجھے یقین ہے کہ چشمہ یہیں سے نکلے گا 	1	24
ﺍﮮ ﺁﺭ ﻭﺍﺋﯽ ﺩﯾﮑﮫ ﮐﺮ ﻣﯿﺮﮮ ﭘﺎﭘﺎ ﮐﻮ ﻣﺮﮔﯽ ﮐﮯﺩﻭﺭﮮ ﭘﮍﺗﮯ ﺗﮭﮯ ﻣﺒﺸﺮﻟﻘﻤﺎﻥ ﮐﻮ ﺩﯾﮑﮫ ﮐﺮ-- ﺣﻤﺰﮦﮐﻮ ﻟﻘﻮﮦ ﮨﻮ ﺟﺎﺗﺎ ﮨﮯ-- ﻣﺮﯾﻢﮔﻠﻮ ﺑﭩﻨﯽ	0	23
 اللہ آپ کا بھلا کرے ۔ یہی حضرت ہیں ۔آج بھی اسی حلیے میں تھے ۔ یہ فیصلہ کرنامشکل تھاکہ بدبوکامرکزکچراتھایا ان صاحب کے کپڑے 	0	25
: ایم کیو ایم کو منانے کی کوئی کوشش نہیں کی،رحمان ملک گویا اس بار خود ہی ذلیل ہو کہ واپس آ جاویں گے جیسے طاھر کینیڈوی ذلیل و رسوا ہو کہ آ گئے 	1	34
ہ نئی احتیاط دیکھی ہے آئینے سے حجاب کرتے ہوایک دن نہ عدم جو پی تو کیاروز شغل شراب کرتے ہوعبدالحمید عدم	0	22
 اپنے باپ شوبازشریف کو بول پہلے وہ پنجاب کو بچالے اور تو اپنی بجلی پر توجہ دے ۔ ماما نا بن خیبر پختونخواہ کا۔جعلی معزز بهڑوے سالے 	0	27
اسلام آباد میں محرم الحرام کا چاند نظر آ گیا۔ نیا اسلامی سال مبارک ہو۔ ہم سب کے لیے برکت اور آسانی کا باعث بنے ۔آ مین	1	27
اس عمر کے مرتبے کا میں کیا تذکرہ کرسکتا ہوں کہ جس کے ہونٹوں سے نکلے الفاظ کو خدا قرآن بنا کر اتار دیتا ہے ۔سیدنا عمر فاروق رضی اللہ عنہ	1	31
اج بهت سے لوگو کو طاهر القادری کا فیصله سمج نهی ایا، کل پهر انهی لوگو کا کهنا هو گا طاهر القادری ڻهیک کهتے تهے ۔	1	26
تمام مسلمانوں کو نیا اسلامی سال مبارک ۔۔۔شہادت امیر المومنین سیدنا فاروق اعظم علیہ السلام اور سیدنا حسین علیہ السلام پر ہدیہ تعزیت	1	23
رسول ﷲ ﷺ نے فرمایا: خبردار کبھی بالارادہ نماز نہ چھوڑنا، کیونکہ جس نے دیدہ و دانستہ اور عمداً نماز چھوڑدی تو اللہ کا ذمہ اس سے بری ہے (ابن ماج)	1	31
مذہب کی چادر میں بدنما داغ ہیں ۔ ان بدنما داغوں کو دیکھنے کے لیے عقیدت کی عینک کو اتارنا پڑتا ہے ۔ ہم اکثر سمجھتے ۔۔۔ 	0	27
 چندے سے انقلاب لانے سے بہتر ہے کے ہم کسی مستحق کی امداد کریں اور اسکی زندگی کو خوشحال کر دیں -	1	22
حضرت آسیہ رضی اللہ تعالٰی عنہا نے اپنا ایمان اپنے شوہر فرعون سے چھپایا تھا، جب فرعون کو اس کا پتہ چلا تو اس نے ۔۔۔ 	1	26
آپ میں سے وہ جنہوں نے جنرل ضیاع ال یک کا دور دیکھا ہے ، جان سکتے ہیں کہ ہم لوگ کس کرب سے گزرے ہوں گے پچھلی دو ٹویٹس ملاحظہ ہوں 	0	32
مذہبی امور کے وزیر سردار محمد یوسف اور رکن قومی اسمبلی محمد صفدر نے اسلام آباد میں وزیر اعظم محمد نواز شریف سے ملاقات کی	1	25
پاکستان کی قومی کرکٹ ٹیم کے سابق کپتان شعیب ملک کا باوٴلنگ ایکشن بھی مشکوک قرار دے دیا گیا، روزنامہ اُردو پوائنٹ	0	22
اسکاٹ لینڈ کے لوگوں کو ریفرنڈم کا حق دیا جا سکتا ہے تو کشمیر یوں کوکیوں نہیں ، مختلف ممالک میں بیٹھے ہمارے سفارت کاران معاملات پر کام نہیں کر رہے ،اویس لغاری	1	33
 45 سے پیپلز پارٹی ایک ھی نعرہ لگا کرحکومت میں آتی رھی اورمکرتی رھی۔ کیاپوچھاکبھی کسی نے کہ کدھرھے روٹی, کپڑا اورمکان۔	0	22
مجھے سیدنا عمر فاروق رضی اللہ عنہ سے محبت اس وجہ سے بھی ہے کہ میں نے دیکھا کہ آدھی دنیا کا حکمران سر کے نیچے اینٹ رکھے درخت کے سائے تلے سویاہے 	1	33
اووووووئے پاکستانیوں دس بیس روپے چندہ دو مجھے ، تمہارے لئے دھرنے دے رہا ہوں ! اگر آ نہیں سکتے ، چندہ تو دے سکتے ہو ناں !!!!چندے سے انقلاب	1	30
لوگوں پر ایک ایسا زمانہ آنے والا ہے کہ جس میں آدمی کو پرواہ نہیں ہوگی کہ جو وہ لے رہا ہے آیا کہ حلال ہے یا حرام(صحیح بخاری)	0	29
فرانس: اب ڈرونز بھی ریس لگاتے نظر آئیں گے : پیرس۔۔۔۔۔۔۔۔کار ریسنگ اور بائیک ریسنگ ماضی کا قصہ ہوگئی ہیں کیونکہ۔۔۔ 	1	21
® مریم نواز کی بحیثیت چیئرپرسن یوتھ لون اسکیم تقرری پر وفاقی حکومت سے جواب طلب ہائی کورٹ نے وفاقی حکومت سے وزیر ۔۔۔ 	0	24
کچھ لوگوں کو شکریہ کہنا ہے جو۔۔۔پٹوریوں کو ان کی زبان میں جواب دیتے ہے اورکا دفاع کرتے ہے وغیرہ کو	1	21
عمران اگر اپنے بچوں کی صحیح تعداد بتا دے اور اپنا ڈوب ٹیسٹ که وه نشئی نھیں ھے وه چیک کروا تو شاید کچھ اور لوگ اس کی حمایت کردیں 	1	30
کوئی بھوک سے مر گیا اور کسی نے خودکشی کر لی تو کیا ہوا غریب تو مرتے ہی رهتے ہیں کسی کو انقلاب کی فکر ہے اور کسی کو حکومت کی	0	31
 اچھا اچھا صدر میں گھوم رہیں وہاں میرے پُھپُھا کی دُکان تھی لائف بُکس کے نام سے اور کراچی کمپنی میں فاران بُکس کے نام سے 	1	26
ملک میں مذہب کے نام پر فرقہ واریت کی آگ بھڑکائی جا رہی ہے جس سے ملک کھوکھلا ہو رہا ہے : طارق جمیل	0	24
اسلام آباد دھرنا ختم کرنے پر ایک ایسی پارٹی کے کارکنان بھی زہر اگل رہے ہیں جن کے سربراہ پہلے دن سے ہی دن رات۔۔۔ 	0	25
کراچی: ایدھی سنٹر پر ڈاکے کا مرکزی ملزم گرفتار عیدھی صاحب پہلے بھی آپ کی ۲۳ سالہ دلہن کڑوڑوں روپے لے اڑی تھی	1	23
 کرکٹ کی اس بیکار ٹیم پر کیوں پاکستان کا قیمتی زرمبادلہ خرچ کیا جا رہا ہے یہ کبھی نہیں جیت سکتے ۔۔ ان کو دفع کرو	0	26
دیکھو نعرے مت مارو اس نشئی عمران کا ذریعه معاش بتادواگر تمھیں پته ھے تو میں اس لاکھ درجے خود دار ھوں اپنی کھاتا ھوں 	1	25
حضرت اسما بنت یزید سے روایت ہے کہ رسول الله صلی اللہ علیہ وسلم نے ارشاد فرمایاکہ:قیامت کے دن سب لوگ (زندہ کیے جانے کے بعد) ایک وسیع اور ہموار	1	30
ﮐﻤﯿﺸﻦ ﻧﮯﻧﻨﺪﯼ ﭘﻮﺭﺑﺠﻠﯽ ﻣﻨﺼﻮﺑﮯﻣﯿﮟ ﺗﺎﺧﯿﺮﮐﺎﺫﻣﮯﺩﺍﺭﻭﺯﺍﺭﺕ ﻗﺎﻧﻮﻥ ﮐﻮﻗﺮﺍﺭ ﺩﯾﺎ، ﺗﺎﺧﯿﺮﮐﮯ ﺑﺎﻋﺚ ﻭﺯﺍﺭﺕ ﺧﺰﺍﻧﮧ ﮐﻮ 113 ﺍﺭﺏ ﺭﻭﭘﮯ ﮐﺎ ﻧﻘﺼﺎﻥ ﮨﻮﺍ، ﻭﺯﺍﺭﺕ ﭘﺎﻧﯽ ﻭ ﺑﺠﻠﯽ	0	23
آپ صلی الله علیہ وسلم نے فرمایا اگرجھک جانے ( عاجزی اختیار کرنے ) سے تمہاری عزت گھٹ جاے تو قیامت کے دن مجھ سے لے لینا( صحیح مسلم حدیث 784 )	1	32
: نواز شریف کے استعفے کے بغیر کنٹینر سے نہیں نکلوں گا - عمران خان (جھوٹے ہر روز نکلتا ہے بنی گالا بھی جاتا ہے :پ)	0	26
دبئی ٹیسٹ یونس خان کے نام ٹیسٹ کے دونوں اننگز میں سنچری لگاکر پاکستان کی تاریخ میں سب سے زیادہ سنچریاں بنانے والے کھلاڑی بن گئے 	1	26
قرآن و سنت کی روشنی میں لفظ مہاجر کی بے حرمتی پر فتویٰ جاری کیاجائے گا ، احتجاجی پروگرام کا انعقاد اور بھوک ہڑتال کی جائے گی	0	27
میرا کپتان نہی بولا تو ہمیں بھی PAT کے دوستو کو کچھ نہی بولنا۔ہمیں اپنے راستے پر چلنا ہے اور منزل کی جانب بڑھنا ہے ۔انشااللہ نیا پاکستان	1	28
عوام کو مصروف رکھو بیوقوف بناتے رہو اور ملک لوٹتے رہوصوبے کا ڈرامہ رچا تے رہو کراچی کے عوام کو بیوقوف بنا تے ۔۔۔ 	0	24
محرم کاچاند نظر آگیا کراچی :ﮈﯼ ﺟﯽ ﺭﯾﻨﺠﺮﺯ ﮐﯽ ﻣﺤﺮﻡ ﮐﮯ ﺩﻭﺭﺍﻥ ﺍﺳﻠﺤﮧ ﻟﮯ ﮐﺮ ﭼﻠﻨﮯ ﻭﺍﻟﻮﮞ ﮐﯿﺨﻼﻑ ﺳﺨﺖ ﮐﺎﺭﺭﻭﺍﺋﯽ ﮐﯽﮨﺪایت	1	21
اس بات کو ماننے میں کوئی تعامل نہیں کہ ہم اپنے مقصد میں 100% کامیاب نہیں ہوئے ۔ مگر ہم نے اس نظام پر کاری ضرب ضرور۔۔۔ 	0	27
چابی والا بابا ڈیزل خان سے گیم کر گیا۔ ضمنی انتخابات میں تحریک الزام کی خالی سیٹوں پر الیکشن لڑے گا جس کو تحریک انصاف مجبوراً سپورٹ کرے گی	1	29
اب دامن حیات میں کچھ بھی نہیں رہافردا کی سرد آگ میں حالات جل گئے کلیات چٹک رہی ہیں کہ شاخوں پہ آبلے غنچوں کی مہکتوں سے میرے ہاتھ جل گئے 	0	31
قادریBVسے بولے ۔۔۔ڈاکٹر نے مجھے دانتوں میں کیڑا بتایا ھے بیوی ڈاکٹر نے آپکو بماری تو سہی بتائ پر جگہ غلط بتادی ہنسنا منع ہے الوداع انقلاب 	0	27
مینار پاکستان سے تکمیل تحریک پاکستان کے ایجنڈے کولے کر ملک بھرمیں اس تحریک کو پھیلائیں گے ۔ امیر صوبہ ڈاکٹر وسیم۔۔۔ 	1	22
 کچھ بھی نھیں ھوگا۔اسکا نوٹس تو سپر کورٹ کو خود لینا چاہیے تھا بھت پھلے ۔کوکین اب گولی کے نت نئے مزے مدھوشی !!	0	24
 ذیاد کدھر ھو بھائی دھائی ھے دھائی قادری نے لے لی ھڈی اور کس لی اپنی چڈی اب کینیڈا جائے گاپھر اگلے سال آئے گا 	1	25
1/2 ایک جماعت سندھیوں کے جذبات سے کھیل رہی ہے کہ مہاجر قابض ہو رہے ہیں جبکہ دوسری جماعت مہاجروں کے جذبات سے کہ سندھی قابض ہو رہے ہیں 	0	29
سب سے بڑی دولت زبان ذاکر دل شاکر اور زن فرمانبردار ھے )امام غزالی(جس کے پاس بیوی گھر نوکر اور سواری ھو وه بادشاه ھے )مجددالف ثانی(	1	27
زیر نظر تصویر میں نوجون قیادت کے پیچھے جماعت کی پوری قیادت ہے ۔۔ اسے صحیح اسلامی جمہوریت کہتے ہیں ۔۔ جو تقویٰ،۔۔۔ 	1	23
لوگو ! کتاب کا خزانہ ہو جاؤ اور علم کے چشمے بن جاؤ اور روزانہ اللہ سے روزی مانگو۔ اگر تمہارے پاس بہت زیادہ روزی نہیں تو کوئی نقصان نہیں عمرؓ	1	31
ساقی تیری محفل میں ھم جام اچھالیں گے گر کچی بھی نا ملی تو کام ڈیزل سے چلا لیں گے چندے سے انقلاب 	1	23
نا اہلی اور رکنیت معطلی کے باوجود بھی افس پر قبضہ کیے ہوئے ہیں ،قبضہ گروپ اپنی سیٹوں کو چھوڑنے والے نہیں ،تحریک۔۔۔ 	0	23
تحریک انصاف کا صدرہاشمی حساس وقت پر ساتھ چھوڑ جائے تو خان کوفرق نہیں پڑا۔ قادری کے جانے سے کیوں پڑے گا جو تحریک انصاف کا ممبر بھی نہیں ۔	0	30
تہمتیں تو لگتی ہیں روشنی کی خواہش میں گھر سے باہر آنے کی کُچھ سزا تو ملتی ہے لوگ لوگ ہوتے ان کو کیا خبر جاناں !۔۔۔ 	1	27
دہشت گردی سے بھی زیادہ اموات ہر سال زہریلی شراب کی وجہ سے ہوتی ہے ۔ دہشت گردی اور ’’قدرتی‘‘ آفات کی طرح گھٹیا شراب سے بھی غریب ہی مرتا ہے 	0	31
حضرت امام حسین کا صبر شکر توکل اور رضائے الٰہی کائنات کے انسانوں کیلئے علم و عرفان کا مینار ہیں ‘ ۔۔۔ 	1	22
4 سال بعد مگر انصاف مل گیادہلی کی ایک عدالت نے اجتماعی ریپ کیس کے تمام پانچ قصورواروں کو عمر قید کی سزا سنائی ہے 	1	25
ميری پرواز جاں ميں حائل ہے سانس ٹوٹے ہوئے پروں جيسی دل کي بستی ميں رونقيں ہيں مگر چند اجڑے ہوئے گھروں جيسی	1	23
 اے آروائی اربوں خرچ کرکے بھی اتنی پبلیسٹی حاصل نہیں کرسکتاتھاجتنی لوھارراج کے 'شاہ' لوہا نواز اسے بند کرکے دے رھے ھیں 	0	22
دانشمندی نہیں ہے کہ آپ وزیر اعظم کا استعفے مانگتے مانگتے خود اپنے استعفیٰ دیدیں ۔ تحریک انصاف اسمبلیوں میں بے شک نہ جائے لیکن استعفے نہ دے 	0	28
پاکستان تحریک انصاف کا 29اکتوبر کو استعفوں کے معاملے پر بات کرنے کیلئے اسپیکر قومی اسمبلی کے سامنے پیش ہونے کا فیصلہ	1	22
ﺑﮩﺘﺮﯾﻦ ﻟﻮﮒ ﺑﮩﺘﺮﯾﻦ ﻧﯿﺖ ﺭﮐﮭﺘﮯﮬﯿﮟ ﺟﺲ ﮐﯽ ﻭﺟﮧ ﺳﮯﺭﺏ ﺍﻥ ﮐﮯ ﺗﻤﺎﻡ ﮐﺎﻣﻮﮞ ﮐﻮ ﺳﻨﻮﺍﺭ ﺩﯾﺘﺎ ﮬﮯ،ﺍﻭﺭ ﺟﺲ ﮐﺎﻡ ﮐﻮ ﺭﺏ ﺳﻨﻮﺍﺭ ﺩﮮ ﺍﺳﮯ۔۔۔ 	1	24
دلالوں کی اصلیت اب کسی سے چھپی نہیں رہی ہے ۔ کل تک جو نظام لپیٹنے کی باتیں کر رہے تھے آج کھسیانے ہو کر اسی نظام۔۔۔ 	0	27
حضرت عمرؓ کے زمانہ خلافت میں جامع مساجد کی تعداد بارہ ہزار (12،000) تک پہنچ چکی تھی ۔ از نظام الحکومۃ الاسلامیہ ، جِلد دوم ۔	1	26
PTI کی یہ اچھی پالیسی ہے کہ مختلف بہانے کرکے کسی کیس کو تاخیرمیں ڈالتے رہو اور عوام کے سامنے معصوم بن کرجھوٹ بولتے رہو کہ ہمیں تو انصاف نہیں مل رہا	1	32
اب کے برس بہار بصیرت کو ڈس گئی فکرو نظر کے جھومتے باغات جل گئے ساغر کٹے کٹے ہیں ستارے بجھے بجھے شائد میرے نصیب کے دن رات جل گئے 	0	30
حکومت ماروی میمن اور خسرو بختیار کو وفاقی وزیر بنارہی ہے جبکہ شاہد خان کو چئیرمین نادرا بنارہی ہے جسے تحریک۔۔۔ 	1	21
ڈآکٹر دانش ( سوال یہ ہے ) اے آر وائی کا ٹیوٹر اکائونٹ ہیک ہو گیا ہے کوئی بھی شخص ان کو ٹیوٹ نہ کر ے اور نہ ہی۔۔۔ 	0	29
زندگی اپنے لہو کا نام ہے زندگی ایک آرزو ے خام ہے زندگی حسرت بھری فریاد ہے زندگی گویا کسی یاد ہے سوزش درد جگر ہے ۔۔۔ 	0	27
ایک مشورہ ھے ۔۔۔۔ چندے سے انقلاب تو ممکن نہیں بنی گالا کا کنکشن شاید بحال ھوجائے ۔۔۔۔ یا پھر پختون ڈیزل ھی سے کام چلایے ۔۔۔	0	27
جس دن ہم میں دین کا فہم پیدا ہو جائے گا اس دن سارے مولویوں کو اپنی اپنی دوکانیں بند کر کے بهاگنا پڑ جائے گا!	0	26
لوگوں سے دھرنے کے لیے چندہ مانگنے والا اپنا 300 کنال کا بنی گالہ کا گھر کیوں نہیں پیج کر دھرنے خرچے پورے کرتا؟	1	24
ریاست خلافت اسلام کی محافظ اور مسلمانوں کے امور کی نگہبان ھوتی ھے اگر ان دونوں فرائض کی ادائیگی کو ترک کرتی ھے تو۔۔۔ 	1	24
کچی شراب پی کر قائم علی شاہ (شہید)ھوگئے پٹواریوں کو اطلاع دی جاتی ہے کہ شاہ جی کی چیتا کو بعد از عصر جلایا جائے گا 	0	26
الٰہی محبوب کل جہاں کو دل و جگر کا سلام پہنچے نفس نفس کا درود پہنچے ، نظر نظر کا سلام پہنچے صلی اللہ علیہ وسلم	1	26
حضرت علی رضی اللہ عنہ کہتے ہیں رسول اللہ صلی اللہ علیہ وسلم نے فرمایا: ’’مہدی ہمارے اہل بیت میں سے ہو گا اور۔۔۔ 	1	24
دوبئی ٹیسٹ کے پہلے دن پاکستان کی آسٹریلیا کے خلاف بیٹنگ مشکلات کا شکار۔۔ ۔۔۔میچ پی ٹی وی سپورٹس پر براہ راست	0	22
: اللہ تعالیٰ ہمیں باعلم اور باعمل بزرگانِ دین کی صحبت نصیب فرمائیں تاکہ ہماری اخلاقی تربیت ہوسکے اور گناہ کے ارادوں کا وہ علاج کرسکیں ۔	1	27
شکل اس کی تھی دلبروں جيسی خو تھی ليکن ستمگروں جيسی اس کے لب تھے سکوت کے دريا اس کی آنکھيں سخنوروں جيسی	1	23
جسٹس منصور علی شاہ نے ریمارک؟؟ دیئے ،بتایا جائے عوامی ٹیکسوں سے حاصل ہونے والی رقم کس طرح سیاسی مقاصد کے لئے استعمال کی جا سکتی ہے 	0	27
بریکنگ :- دبئی ٹیسٹ، دوسری اننگز، یونس خان کی آسٹریلیا کے خلاف سنچری مکمل بریکنگ :- دبئی ٹیسٹ، یونس خان کی۔۔۔ 	1	21
مسلم لیگ کے پرچم میں دفن کرنے سے کیا بندہ ڈائیریکٹ جنت میں جاے گا ؟ ایک جھوٹا آدمی ہاشمی ہاشمی	0	21
آج میرے مضمون کا عنوان ہے کہ بھائی صرف وہ ہوتے ہیں جنہیں اللہ نے ہمارا بھائی بنایا ہے کچھ لوگوں کو میرا۔۔۔ 	1	23
 لبرل اس لئے بنتے ہیں کہ یہاں اقلیت میں ہیں اکثریت میں ھوتے ایران عراق شام کی طرح تو عمر عثمان عائشہ نام رکھنے پر لٹکا دیتے 	1	27
جھپٹنا پلٹنا۔۔ پلٹ کر جھپٹنا لہو گرم رکھنے کا ھے اک بہانہ ڈاکٹر طاھر القادری نے اسلام آباد کے دھرنے کو پورے ملک۔۔۔ 	0	23
سید تو خود مہاجر ہیں ، خورشید شاہ کیسا سید ہے جسے اپنے سید ہونے پر ندامت اور جاگیردار ہونے پر فخر ہے ؟	0	24
عربی سیکھو ، اس لیے کہ وہ عقل میں پختگی اور مروّت میں زیادتی پیدا کرتی ھے ۔ سیدنا عمر فاروقؓ	1	21
راولپنڈی،اے این ایف کی بے نظیر بھٹو انٹر نیشنل ایئر پورٹ اسلام آباد سمیت مختلف شہروں میں کاروائیاں 6کروڑ روپے سے … 	0	22
عمران خان صاحب کو 30اور 31 اگست کی درمیانی شب یقینا یاد ہو گی جب انکے رفقاءاور کارکنان جلسے کے بعد وہاں سے جا چکے ۔۔۔ 	1	26
 کل سنا ھے جیو نیوز په عمران خان کا پرانا انٹرویو چلایا تھا۔ کیا اب جیو معافی مانگنے والی ھے ؟ ویسے فائده بھی جیوکا اسی میں ھے 	1	28
کپتان مصباح الحق کا کہنا ہے کہ وہ اپنی کارکردگی سے بہت مطمئن ہیں ، کینگروز کے خلاف کامیابی کے لیے نئے کھلاڑیوں کو اعتماد دینا ہوگا۔	1	27
بوٹسوانہ:این خامہ دوسری مرتبہ ملک کے جمہوری صدر منتخب بوٹسوانہ: ڈیموکریٹک پارٹی نے عام انتخابات میں 53 میں سے 33 نشستیں حاصل کیں 	1	23
 دیکھیں یہ بات بالکل درست ھے ۔ سڑکیں بلاک کرنا کسی طور درست نہیں ۔ لیکن انکا نام ٹویٹر پر یا حقیقی زندگی میں احترام سے لینا چاھئے ۔	0	29
تحریکِ انصاف کے دوست دل کھول کر برا بھلا کہیں ،گالیاں دیں ۔۔۔لیکن وقت آئے گا کہ ثابت ہو جائے گا کہ ہمارا فیصلہ ہم۔۔۔ 	0	25
پیمرا کے ایکشن پر پرزور مذمت کرتے والوں کو آج سانپ سونگھ گیا کیا؟ کراچی کے اکثر علاقوں میں نیوز چینلز کی نشریات بند	0	24
یورپ، کینیڈا اور امریکہ کے عوام اپنے پیسے اور زیور کی سخت حفاظت کریں ورنہ وہاں بھی چندے سے انقلاب آ سکتا ہے 	0	23
دھرنے کے خاتمے پر منفی بیان بازی نہ کی جائے ، وزیر اعظم کی ہدایتاسلام آباد: وزیر اعظم میاں محمد نواز شریف نے ۔۔۔ 	0	24
بعض لوگوں کے دل ان بے پیندے برتنوں کی مانند ھوتے ھیں جن میں خواہ کتنی ھی محبت،خلوص اور توجہ ڈالی جائے ، وہ خالی۔۔۔ 	0	25
سندھ میں ہر قوم اپنی شناخت میں برقرار رہی الطاف حسین نے مہاجر نواز شریف نے پنچابی اور پی پی نے سندھی ووٹ بٹورا جس کا نتیجہ سب کے سامنے ہے 	1	31
ﺍﻧﺴﺎﻥ ﺑﮍﺍ ﮨﯽ ﺳﺨﺖ ﺟﺎﻥ ﮨﮯ ۔ ﺟﺲ ﺑﺎﺕ ﮐﺎ ﺗﺼﻮﺭ ﺑﮭﯽ ﺑﺮﺩﺍﺷﺖ ﻧﮩﯿﮟ ﮐﺮ ﺳﮑﺘﺎ ۔ ﺟﺐ ﻭﮦ ﺣﻘﯿﻘﺖ ﺑﻦ ﮐﺮ ﭨُﻮﭦ ﭘﮍﺗﯽ ﮨﮯ ﺗﻮ ﭼُﭗ ﭼﺎﭖ ﺑﺮﺩﺍﺷﺖ ﮐﺮ ﻟﯿﺘﺎ ﮨﮯ۔۔۔!	0	32
جو طلب پہ عہدِ وفا کیا، تو وہ آبروئے وفا گئسرِ عام جب ہوئے مدّعی تو ثوابِ صدق و صفا گیا	0	21
یکم محرم الحرام یوم فاروق اعظم رضی الله عنه ملک بھر میں مذهبی عقیدت و احترام سے منایا جاے گا سیدنا عمر فاروق	1	23
ایک آدمی نے اپنے بیٹے کو سمجھانے کے لیے اسے ایک شیشے کے سامنے کھڑا کر کے پوچھا بیٹا اس شیشے میں تمہیں کیا نظر آ۔۔۔ 	2	26
زاہد‘ یہ میری شوخیِ رندانہ دیکھنا!رحمت کو باتوں باتوں میں بہلا کے پی گیاسر مستیِ ازل مجھے جب یاد آ گئی دنیائے اعتبار کو ٹھکرا کے پی گیا	1	28
RT: زرداری نے زبان سے چندے کا لفظ منہ سے نکالا تو ٹوٹ پڑے اسکی اپیل پر لوگوں نے سمجھاشاید کہہ رہا ہے چُندے یعنی دیوار میں چُندے 	0	28
ﺩﺑﺌﯽ ﭨﯿﺴﭧ : ﮐﮭﺎﻧﮯ ﮐﮯ ﻭﻗﻔﮯ ﭘﺮ ﭘﺎﮐﺴﺘﺎﻥ ﮐﮯ 2 ﻭﮐﭧ ﭘﺮ 50 ﺭﻧﺰﺍﻇﮩﺮ ﻋﻠﯽ 24 ﺍﻭﺭ ﯾﻮﻧﺲ ﺧﺎﻥ 14 ﺭﻧﺰ ﭘﺮ ﻧﺎﭦ ﺁﺅﭦ	1	24
عمران خان کنٹینرسے نکل کراس کی چھت پر پہنچے اورکئی لمحے طاہر القادری کے کنٹینرکی طرف لوگوں کوسامان باندھتا دیکھتے رہے ۔	1	22
بتاوُ کیسا لگتا ہے ؟ کسی ویران رستے پر کسی انجان رستے پر کسی کا ساتھ مِل جاناخوشی کے پھول کِھل جانابتاوُ کیسا۔۔۔ 	0	23
۱/۲ﺍﮔﺮ ﺍﻧﺴﺎﻥ ﺍﭘﻨﮯ ﺍﻭﺭ ﺍﻟﻠﮧ ﮐﮯﺩﺭﻣﯿﺎﻥ ﺗﻌﻠﻖ ﮐﯽ ﺍﺻﻼﺡ ﮐﺮ ﻟﮯﺗﻮ ﻣﺨﻠﻮﻕ ﺳﮯ ﺗﻌﻠﻖ ﮐﮯ ﻣﻌﺎﻣﻠﮧ ﻣﯿﮟ ﺍﻟﻠﮧ ﺍﺱ ﮐﮯ ﻟﯿﮯ ﮐﺎﻓﯽ ﮨﻮﺟﺎﺗﺎ ﮨﮯ،	1	24
اے اللہ تیری ذات پاک ہے خوبیوں والیاور تیرا نام برکت والااور تیری شان اونچی ہے اور تیرے سوا کوئی معبود نہیں ۔<3 	1	23
اگر تحریک انصاف اسمبلیوں سے استعفے دیدے گی تو یہ سیٹیں ن لیگ، مولانا فضل الرحمان، اے این پی، ایم کیوایم کے پاس چلی جائیں گی 	1	26
رسول اللہ صلی اللہ علیہ وسلم نے سودکھانے والے ، اس کے وکیل، اسکے کاتب اور اس کے گواہ پر لعنت فرمائی ہے اور فرمایا کہ وہ سارے برابر ہیں (مسلم)	1	31
 رو عمران رو ۔۔یہ قوم بے حس۔۔ڈھیٹ ۔۔اور بے غیرت ہو چکی ۔اسے احساس نہیں ہو سکتا کے کرپٹ حکمران انکے ساتھ کیا کرتے 	0	24
مسائل سے آگاہی کا شور تو آپ بهی دل کهول کر بیان کرتے ہیں آپ کیوں کوئ حل نہیں بتاتے ؟یہ ملک صرف سیاست دانوں کا ہی ہے جاوید چوہدری صاحب؟	0	31
حضرت عمرؓ نے سعد بن وقاصؓ کے نام فاروقی حکم نامے میں لکھا جومال تقسیم کے بعد بچ جائے اسے قرآن کی تعلیم حاصل کرنے والوں کو دے دینا۔ مشاہیر الاسلام	1	31
 آج ایک پٹواری کہتا اسلام کہتا ہے اگر کوئی گھر سے بھاگ کے غلط کام کر لے تو انکی آپس میں شادی کروا دو۔یہ کونسا اسلام ہے ؟	0	28
جب کسی کو یہ اندازہ ہوجائے !!کہ ہم اس کے بغیر ادھورے ہیں وہی لوگ آپ کا مذاق بنا کر آپکو ادھورا چھوڑ جاتے ہیں !!!زویہ	0	26
ﻣﺮﯾﻢ ﻧﻮﺍﺯﮐﯽ ﯾﻮﺗﮫ ﻟﻮﻥ ﺍﺳﮑﯿﻢ ﮐﯽ ﭼﯿﺮﭘﺮﺳﻦ ﺗﻌﯿﻨﺎﺗﯽﮐﮯﺧﻼﻑ ﺩﺭﺧﻮﺍﺳﺖ ﮐﯽ ﮨﺎﺋﯿﮑﻮﺭﭦ ﻣﯿﮟ ﺳﻤﺎﻋﺖﻣﺮﯾﻢ ﻧﻮﺍﺯ ﮐﯽ ﺗﻘﺮﺭﯼ ﮐﺲ ﺑﻨﯿﺎﺩ ﭘﺮ ﮐﯽ ﮔﺌﯽ؟ﺟﺴﭩﺲ ﻣﻨﺼﻮﺭ ﻋﻠﯽ	0	23
اگر وہ تم سے پیار کرتا ہے تو وہ تمھیں کبھی نہیں چھوڑے گا اور کبھی تمھیں نیچا نہیں دیکھائے گا۔	1	21
راولپنڈی فتح جنگ میں وین اور ٹینکر کی ٹکر 2 لوگ فوت 10 زخمی جماعت اھلسنت کی طرف سے کراچی میں حضرت عمررضی کی شھادت کے موقعے پر ریلی نکالی گئی	0	31
 کو جواب دینا چائے اب هر غریب کارکنوں کو جو اپنا سب لوٹا کہ سابت قدم رهے ظالموں سے زیادہ ظلم کیا هے بغیر مشورہ لیے دهرنا ختم کر کہ	0	30
ہمارے ممبر چچا چنگم کی جانب سے بلاول کی کراچی جلسے میں کی گئی تقریر کی زبردست پیروڈی بھابی ہوں میں بھابی ہوں -۔۔۔ 	0	24
جب زخم ناسور بن جائیں ’ تو زخم لگانے والے کو فراموش کرنا نا ممکن ہوجاتا ہے ۔ یہ بات وہی سمجھ سکتا ہے جو زخم اٹھاتا ہے ۔	0	29
ﺍﺳﻼﻡ ﺍٓﺑﺎﺩ ﻣﯿﮟ ﻗﺎﺩﺭﯼ ﺩﮬﺮﻧﮯ ﮐﯽ ﺍٓﺧﺮﯼ ﺭﺳﻮﻣﺎﺕ ﺟﺎﺭﯼ ﮨﯿﮟ،ﺍﺱ ﮐﮯ ﺑﻌﺪ ﻗﻞ 23ﺍﮐﺘﻮﺑﺮ ﮐﻮ ﺍﯾﺒﭧ ﺍٓﺑﺎﺩ ﻣﯿﮟ ﮨﻮﮔﺎﺍﻭﺭ ﭘﮭﺮ ﮨﺮ ﺷﮩﺮ ﻣﯿﮟ ﻣﺰﯾﺪ ﺭﺳﻮﻡ ﮨﻮﻧﮕﯽ ۔	0	27
ﺳﻮﺩﮐﮭﺎﻧﮯ ﻭﺍﻟﮯ، ﺍﺱ ﮐﮯ ﻭﮐﯿﻞ، ﺍﺳﮑﮯ ﮐﺎﺗﺐ ﺍﻭﺭ ﺍﺱ ﮐﮯ ﮔﻮﺍﮦ ﭘﺮ ﻟﻌﻨﺖ ﻓﺮﻣﺎﺋﯽ ﮨﮯ ﺍﻭﺭ ﻓﺮﻣﺎﯾﺎ ﮐﮧ ﻭﮦ ﺳﺎﺭﮮ ﺑﺮﺍﺑﺮ ﮨﯿﮟفرمان S A W W	0	26
 کراچی میں تمام نیوز چینل کی بندشایم کیو ایم اور پاکستان مسلم لیگ زندہ بادپاکستان ملک ہے شہنشاہوں کا بدمعاشوں کا	0	21
دنیائے حادثات ہے اک درد ناک گیتدنیا کے حادثات سے گھبرا کے پی گیاکانٹے تو خیر کانٹے ہیں ان سے گلہ ہی کیاپھولوں کی واردات سے گھبرا کے پی گیا	0	30
وچ داڑھی اسلام نہ کوئیبن عملاں قرآن نہ کوئیجے مکراں تو باز نہ آؤے ملاں جیہا بے ایمان نہ کوئیجے گر پا دیوے ۔۔۔ 	0	24
عمرؓ کے نام لیوا کا ہے نصب العین حق کوشی کبھی باطل کے آگے اس کا سر خم ہو نہیں سکتا سیدنا عمر فاروق	0	24
آقا صلی اللہ علیہ و آلہ وسلم کے صحابہ صحبت کی وجہ سے ہی اتنے پختہ ایمان اور یقین والے تهے اور ان میں ان کے مرشد کا عکس تها	1	30
ن لیگ وہ پارٹی ہے جوضیاکی بندوق کے زور پہ وبائی مرض کی طرح پهیلیجبکہتحریک انصاف آہستہ آہستہ خوشبو کی طرح اپنا اثر دکھا رہی ہے 	0	26
کتاب - دستک انتساب میری زندگی، ان رشتوں کے نام، جو عجیب بھی ھیں اور غریب بھی - جو محبت اور اذیت کا نایاب۔۔۔ 	1	24
جلسے کی ناکامی کا غصه جیو نیوز کے نمائیندے پر اسکا کیمره توڑ کر نکالا گیا۔ خان جی آپ حقیقت چھپا نھی سکتے 	0	23
بلوچستان میں جنگلی کتوں کو آزاد چھوڑنے کے بعد وزیر اعلی کہتے ہیں حالات کو خراب کرنے میں غیرملکی ہاتھ شامل ہے ۔	0	23
 لوہا نائلون، پرانا پلاسٹک، ٹین ڈبے ، پتریاں گراریاں ، پرانے ٹائر ٹیوب، یہ سب چیزیں چندے سے انقلاب میں کافی مددگار ہو سک۔۔۔	0	24
ﺗﻤﺎﻡ ﻣﺴﻠﻤﺎﻧﻮﮞ ﮐﻮ ﻧﯿﺎ ﺍﺳﻼﻣﯽ ﺳﺎﻝ ﻣﺒﺎﺭﮎ ﮨﻮ ﺩﻋﺎ ﮐﺮﺗﮯ ﮨﯿﮟ ﺍﻟﻠﮧ ﺗﻌﺎﻟﯽٰ ﺗﻤﺎﻡ ﻣﺴﻠﻤﺎﻧﻮﮞ ﭘﺮ ﺍﭘﻨﮯ ﮐﺮﻡ ﺳﮯ ﺭﺣﻤﺘﯿﮟ ،ﺑﺮﮐﺘﯿﮟ ﻧﻌﻤﺘﯿﮟ ﻧﺎﺯﻝ ﻓﺮﻣﺎﺋﯿﮟ ﺁﻣﯿﻦ ﺛﻢ ﺁﻣﯿﻦ	1	27
اسلام آباد ان دھرنوں کے لئے موزوں ہے ۔ امیروں کا شہر ہے ریڑھی والے غریبوں کا خرچہ نکل آتا ہے 	0	21
چلو کچھ دیر ہنستے ہیں محبت پرعنایت پرکہ بے بنیاد ہیں باتیں سبھی رشتے ، سبھی ناتے ضرورت کی ہیں یجادیں کہیں کوئی نہیں مرتاکسی کی واسطے جاناں 	0	28
ﺗﺤﺮﯾﮏِ ﺍﻧﺼﺎﻑ ﺍﻭﺭ ﻋﻮﺍﻣﯽ ﺗﺤﺮﯾﮏ ﮐﯽ ﺳﻮﺷﻞ ﻣﯿﮉﯾﺎﻭﺍﺭ ﺩﻭﻧﻮﮞ ﮐﻮ ﮐﻤﺰﻭﺭ ﮐﺮ ﺩﮮ ﮔﯽ۔ﺩﺷﻤﻦ ﮐﻮ ﻣﻮﻗﻊﻣﺖ ﺩﯾﮟ ﺩﻭﻧﻮﮞ ﺗﺒﺪﯾﻠﯽ ﻭﺍﻟﮯ ﻣﺘﺤﺪ ﺭﮨﯿﮟ	0	22
س ٹیسٹ کے امپائرز انگلینڈ کے کیٹل برو اور جنوبی افریقہ کے ایراسمس ہیں ۔ سری لنکا کے رنجن مدوگالے میچ ریفری ہیں ۔	2	24
ایم کیو ایم کو منانے کی کوئی کوشش نہیں کی،رحمان ملکگویا اس بار خود ہی ذلیل ہو کہ واپس آ جاویں گے جیسے طاھرکینیڈوی ذلیل و رسوا ہو کہ آ گئے 	0	31
دھرنا ختم کرنے پر عوامی تحریک کے کارکن رو پڑے ۔۔۔۔۔یہ خبر ایسے لوگ بھی شئیر کر رہے ہیں جو دن رات یہ کہا کرتے تھے ۔۔۔ 	0	27
مجھے ایسا لطف عطا کیا، جو ہجر تھا نہ وصال تھامرے موسموں کے مزاج داں ، تجھے میرا کتنا خیال تھاکسی اور چہرے کو۔۔۔ 	1	24
سمارٹ فون کے عادیوں کے لیے ڈجٹل ڈیٹاکس کیپ: ڈیجیٹل کھلونوں کي لت میں مبتلا بعض لوگ اپنے علاج کے ۔۔۔ 	0	21
 سیتا وایٔٹ کا وقوعہ تو مملکت خداداد پاکستان کی حدود سے باہر کا ہے ،اس لیے اسلامی حد لاگو نہیں ہو سکتی،	0	22
ڈیرہ غازی خان : تھانا گدائی میں زیر حراست ملزم نے مبینہ طور پر خود کو آگ لگا دی،زخمی ملزم کو اسپتال منتقل کردیا گیا، پولیسAUS-196-8	0	26
راولپنڈی :ترقی کی بجائے تنزلی کی رفتا ر بہت تیز ہے کرپٹ اشرافیہ اپنے بیرون ملک اکاؤنٹس کو بھررہی ہے جماعت اسلامی۔۔۔ 	0	22
۔شہدا نے پکارا ہے تم کوفردوس کے بالا خانوں سے ۔ہم راہ وفا میں کٹ آے تم کوپیارہے ابھی تک اپنی جانوں سے ۔28ذوالحج یوم شھادت محمد عثمان باغائي	1	29
 میں منٹو سے شرمنده هوں آج۔ ۔ ۔ دل چاہاکہ ترتیب ٹهیک کردوں ۔ ۔مگر امرتا پریتم سب سے نچلی شیلف میں دیکه کر دو آنسو حلق میں اتارے ۔	0	30
اگر ٹرین کی رفتار 120 کلومیٹر فی گھنٹہ ہو، تو 2 منٹ کی وڈیو میں ٹرین کی تقریباً لمبائی کیا ہوسکتی ہے ؟؟؟ 	2	23
نیوز چینلز کے پرائم ٹائم پر لایا گیا انقلاب اٹھ گیاخطرہ ہے انقلاب کے روح رواں قبض شکار نہ ہوں لہذا وقت پر اسبغول پی لیا کریں 	0	27
پانچ فیصد دیوبندی تکفیری اقلیت کی پچھتر فیصد سنی بریلوی صوفی اکثریت کے خلاف دہشت گردی کب تک؟ – فاروق چشتی 	0	21
پاکستان میں جب لیڈر کی موت اتی ھے وہ چینل بند کرنے کو دوڑتا ھے ۔آپس کی بات ھے ن لیگی لیڈر اور گیدڑ میں فرق تلاش کرنا ناممکن ھے 	0	30
ساقی تیری محفل میں ہم کچے جام اچھالیں گے جب ڈی چوک میں جائیں گے ڈیزل سے نہا لیں گے چندے سے انقلاب	1	23
لوٹ آنے کی امیدیں ٹوٹ پائی هی نهیں بند هو پائے نهیں هیں اب بهی در، کهنا اسے (ملک عدنان احمد) بے سہارا محسوس کر ریا ہوں 	0	27
مفتی محمود نے کہا تھاخدا کا شکر، ہم پاکستان بنانے کے گناہ میں شامل نہیں تھے پھر مفتی صاب مغربی جمہوریت کا حصہ دار بن کرسرحد کے وزیر اعلی لگ گئے 	1	31
میری دعا ھے کہ نیا اسلامی سال ھمارے ملک کیلئے بہتری لے کر آئے ۔مسلمانوں کو نئے اسلامی سال کی مبارک	1	21
بکھری ہے تری زلف تو ہم شانہ کریں گے ، مٹی میں ملا دیں گے حریفوں کی تدابیر، اے وادی کشمیر! 	0	21
ر ایک بچے کی سکول میں موجودگی یقینی بنانے کے لئے ریاست کو تعلیمی معاملات سے نمٹنے کے لئے نئی قوت کے ساتھ عزم کو یقینی… 	1	26
+ تاکہ سوشل میڈیا پرختم نبوت کے کام کو بہتر اور منظم انداز میں کیا جاسکے ، ساتھی کل ہونے والی کانفرنس میں شرکت لازمی بنائیں چناب نگر کانفرنس	1	29
جس ملک میں انصاف نہیں ملتا ، وہاں حق کا بول بالا کیسے ہو سکتا ہے ؟ اس ملک کو سب سے زیادہ نقصان اہل انصاف نے دیا:	0	28
آج قادری صاحب نے کچھ عمران خان سے مایوس ہو کر اور کچھ ڈیل کے نتیجے میں اپنا دھرنا ختم کر دیا- اس فیصلے کے کئی۔۔۔ 	0	26
*لیکن ہم نے جنگلا بس بنانی ہے *ملتان میں پینے کا صاف پانی نہیں لیکن ہم نے جنگلا بس بنانی ہے ۔ملتان میں ساری سڑکیں ۔۔۔ 	0	26
حضرت عمرؓ اکثر کہا کرتے تھے اے عمرؓ تجھے تو اونٹ چلانے نہ آتے تھے آج اسلام نے تجھے کہاں پہنچا دیا	1	22
 اور ویسے بھی بیمارکا علا ج کیا جاتاھے مردے کانھیں ۔نورے اور زرداری کا علاج نھیں ھو سکتا کیونکه یه مر چکے ھیں ۔۔تدفین باقی ھے ان کی۔	0	28
مولانا صاحب آپ کی عزت لوگ آپ کے والد صاحب کی وجہ سے کرتے ہیں ، کل آپ کے مدرسوں پر بھی کئی سوالات اٹھ سکتے ہیں 	1	27
آپؓ کا اسم گرامی ’’عمر‘‘ لقب ’’فاروق‘‘ اور کنیت ’’ابو حفص‘‘ ہے ۔ سیدنا عمرؓ کا نسب مبارک نویں پشت پر سیدنا محمد ﷺ سے جا ملتا ہے ۔سیدنا عمر	1	30
پارلیمنٹ ، صوبائی اسمبلیاں ، وفاقی اور صوبائی حکومتیں عوام کی پریشانیوں اور معاشرے کی بدترین ٹوٹ پھوٹ سے بے خبر ہیں ۔	0	23
 آپ کی بات ٹھیک ہو سکتی ہے ،کیونکہ یہ تو کویؑ خاتون ہی صحیح حقیقت حال واضح کر سکتی ہے ۔شکریہ	1	21
 اور اگر پی ٹی آئ نے کها که الیکشن ضمنی نهیں ھونے دینے تو پانچ فی صد ٹرن آوٹ ھوگا۔ اور یا نهیں ھونگے ۔	0	25
؛راولپنڈی:فتح جنگ کے قریب مسافروین کی ٹینکر سے ٹکر دو بچے جاں بحق،دس افراد زخمی، زخمیوں میں چار خواتین بھی شامل، زخمی تحصیل ہیڈ کوارٹر اسپتال منتقل	1	27
28 سال کی عمر میں بھٹو پہلی مرطبہ منظر عام پر آیا جنرل ایوب خان کی حکومت کا وزیر پٹرولیم بن کے ۔ یعنی اپنی محنت سے نہیں ۔	0	29
پاکستان میں تشدد پسندی-بے حسی اور دوسروں کو تکلیف میں دیکھ کر خوش ہونے کے رجحان جیسی بیماریوں میں اضافہ ھو رھا ہے افسوس یہاں انسان نہیں رہتے 	0	28
 مضبوط کرپٹ مافیا کا کون کیا بگاڑ سکتا ہے ۔ بس اللہ ہی اس ملک اور عوام پہ اپنا رحم فرمائے ۔ آمین۔	0	23
توکیاوہ ہم کوہرجرم کی سزا دے گاپھراپنے رحم و کرم کا ثبوت کیا دے گامیں روزِ حشر کا قائل ھوں پھر بھی ہنستا ھوں کہ بندہ خدا کو حساب کیا دے گا	0	32
کتنے خوش نصیب ہیں وہ لوگ جنہیں اللہ رب کائنات نے ماہ محرم میں نواسہ رسول امام حسین علیہ السلام کا ذکر کرنے ذکر سننے کے لئے چن لیا	1	29
اے اللہ اس ملک کے محسن عمران خان کو کامیابی عطا فرما اسے کبهی اپنے مخلوق کے سامنے نہ جهکاہمیں اسکا ساتھ دینے کی توفیق عطافرما	1	26
 سب سے بڑی بات یه ھے که کے پی کے میں صرف پی ٹی آئ جیتے گی۔ یه مجھ سے لکھوا لیں ۔ لوگ کیا کهتے ھیں حجروں اور گھروں میں وه ھم سنتے ھیں 	1	35
اگر کراچی اور حیدرآباد میں ایم کیو ایم مظبوط ہے تو اسکی سب سے بڑی وجہ پیپلز پارٹی کی بیڈ گورننس اور اربن سندھ کو نظر انداز کرنا ہے ۔	0	30
حلقہ بندیوں سے پہلے الیکشن کمیشن کے موجودہ ممبران مستعفی ہوجائیں ، اگر نہ ہوئے تو ان کا گھیراؤ بھی کیا جاسکتا ہے & u	0	25
جس کام کے بارے میں آپ سوچنا نہیں چھوڑ سکتے ،اس کام کو پایۂ تکمیل تک پہنچانے کیلئے کوشش کرنا بھی نہ چھوڑیئے ۔	0	24
مجاہد اعظم مولانا غلام اعظم نے اپنی جوانی سے بڑھا پے تک صبر ،عزمیت اور مسلسل جدوجہد کی تاریخ رقم کر دی ۔۔۔۔۔۔۔۔اس۔۔۔ 	1	23
بادام۔ بیش بہا فوائد کا حامل جسمانی اور دماغی قوت اور قوت حافظہ میں اضافہ کرتا ہے دماغ اور آنکھوں کے لئے بہترین۔۔۔ 	1	23
 سر جی۔بائیس توپوں کی سلامی ھے اس عقل پر جو اتنے تجربے ، ملکی نقصان،عمر کے اس حصے ، کے بحدآگئی آپکے بقول۔قوم پر یہ احسان ھے ¿¿	0	28
آگیا ماہ محرم بچھ گیا فرشِ عزا عرش سے انسو بہانے آگئی ہے فاطمہ ع زیادہ سے زیادہ شیئر کریں اور کمینٹ کریں — 	1	24
حجر اسود:وہ سیاہ پتھر جو بیت الله کے جنوب مشرق میں دروازے کی بائیں طرف والے کونے میں باہر کی طرف نصب ہے ۔ یہ پتھر جنت سے زمین پر آیا تھا۔	1	32
بجلی کی نرخوں میں اضافہ ہم نے نہیں نگران حکومت نے کیا: خواجہ آصفتب وزیر بجلی مصدق تھے وہ اس بات پرمیاں ساب کوبہت پسندآئے آج وہ مشیرشریف ہیں 	0	29
 کے اہتمام علماء کا انوکا اجتماع جس میں سنی، شیعہ،بریلوی، دیوبند اور اہلحدیث تمام مکاتب فکرکے علماء 1 چھت کے نیچے جمع،1 جگہ باجماعت نمازکی ادائیگی	1	26
آیا نہ ہوگا اسطرح حسن و شباب ریت پر گلشن بتول کے تهے سارے گلاب ریت پر عشق میں کیا لٹائیے عشق میں کیا بچائیے آل نبی نے لکھا سارا نصاب ریت پر	1	33
گلی گلی نگر نگر عمر عمر سیدنا عمر فاروق رضی اللہ تعالی عنہگلی گلی نگر نگر عمر عمر سیدنا عمر فاروق رضی اللہ تعالی عنہ	1	25
کپتان صاحب وہ جو کے لئے چندہ لیا تھا خدا کے لئے اتنا ہی بتا دو کہ کتنے اسکول بنائے کہاں تک پہنچا؟ چندے سے انقلاب۔۔۔	2	26
یزید کی وکا لت نہ کیا کر حسینؑ نجات کا سفینہ ہے نظر آتاہے جس میں چہرہ کربلا تو بس اک آئینہ ہے 	1	23
عمران نیازی اور ان کے روبوٹس کی ڈکشنری الگ کی جائے ۔ ان کی هر ٹرم کا معنی رائج ڈکشنریوں سے الگ هے ۔	0	24
ساڈے پینڈوواں دیاں مانواں شہر وچ آ کے وی اپنے پُرانے طریقے نئیں چھڈدیاں چھج نال گندم صاف کر کے پسوانی 	1	21
ڈانگ بردار پشتون انصافی کی وارننگ شاٹسکے باوجود جتنے بھی دھرنامکینوں سے بات ہوسکی وہ تمام افراد چندہ اکھٹاکرنے کو پر جوش مگر روزی کمانے سے بیزارتھے 	0	27
ﻮﮔﻮﮞ ﺳﮯ ﺩﮬﺮﻧﮯ ﮐﮯ ﻟﯿﮯ ﭼﻨﺪﮦ ﻣﺎﻧﮕﻨﮯ ﻭﺍﻻ ﺍﭘﻨﺎ 300 ﮐﻨﺎﻝ ﮐﺎ ﺑﻨﯽﮔﺎﻟﮧ ﮐﺎ ﮔﮭﺮ ﮐﯿﻮﮞ ﻧﮩﯿﮟ ﭘﯿﺞ ﮐﺮ ﺩﮬﺮﻧﮯ ﮐﮯ ﺧﺮﭼﮯ ﭘﻮﺭﮮ ﮐﺮﺗﺎ؟؟	0	24
لفافہ ھے بڑی چیز جہان تگ و دو میں پہناتا ھے بے شرم کو تاج سر دارااقبال سے معذرت کے ساتھ	0	21
رسول اللہ نے فرمایا:تم سے پہلی امتوں میں کچھ ایسے لوگ تھے جن سے فرشتے باتيں كرتے تهے اگر میری امت میں کوئی ہوتاتووہ عمرہوتے 	1	25
 اس کے بچوں کی تعداد دو ھے یا چار صرف یه بتادو اور اسے کھو زکوات کھانی بند کردے اور ٹیسٹ کرواکے بتاؤ که عمران نشئی تو نھیں 	0	28
سپریم کورٹ نے حلقہ پی پی تین سو بتیس بورے والا سے رکن پنجاب اسمبلی یوسف کیسال کی رکنیت بحال کر دی۔	1	22
ﻃﺎﺭﻕ ﺑﻦ ﺯﯾﺎﺩ ﺍﮔﺮ ﺁﺝ ﺯﻧﺪﮦ ﮨﻮﺗﮯ ﺗﻮ ﻋﻤﺮﺍﻥ ﺧﺎﻥ ﮐﻮ ﺍﺗﻨﺎﺿﺮﻭﺭ ﮐﮩﺘﮯ ﮐﮧ ﺑﯿﭩﺎ ﮐﺸﺘﯿﺎﮞ ﺟﻼﻧﮯ ﻣﯿﮟ ﺍﻭﺭﻟﮍﮐﯿﺎﮞﻧﭽﺎﻧﮯ ﻣﯿﮟ ﺑﮩﺖ ﺑﮍﺍ ﻓﺮﻕ ﮨﮯ	0	24
طارق بن زیاد اگر آج زندہ ہوتے تو عمران خان کو اتنا ضرور کہتے کہ بیٹا کشتیاں جلانے میں اورلڑکیاں نچانے میں بہت بڑا۔۔۔ 	0	24
وہ اکثر مجھ سے کہتی تھی وہ اکثر مجھ سے کہتی تھیوفا ہے ذات عورت کی یہ جو مرد ہوتے ہیں بڑے ہی بے درد ہو تے ہیں ۔۔۔ 	0	29
انقلاب نامی کیڑا سب سے زیادہ بر صغیر میں پایا جاتا ہے ۔ دنیا بھر میں جو انقلاب آئے زیادہ تر انقلابوں کا کیڑا۔۔۔ 	0	24
ملک سے لسانیت اور عصبیت کے خاتمے کے لیے ضروری ہے کہ نئے صوبوں کی تقسیم نسل یا لسان کی بنیاد پر نہ بلکہ اسے انتظامی بنیادوں پر تقسیم کیاجائے ۔	1	31
 فلمی ستارے تو ان علماے ؑ کرام کی دینی خدمات اور شخصیت سے متاثر ہو کر از خود کھنچے چلے آتے ہیں ۔	1	23
ﻣﯿﺮﺍ ﺭﺭﻟﭧ ﺩﯾﮑﮫ ﮐﺮ ﻣﯿﺮﮮ ﺍﺑﻮ ﻧﮯﺻﺮﻑ ﺍﺗﻨﺎ ﮨﯽ ﮐﮩﺎﻓﺮﺍﺯﺑﮓ ﺑﻮﺱ ﭼﺎﮨﺘﮯ ﮨﯿﮟ ﮐﮧ ﺁﭖ ﺍﺱ ﮔﮭﺮﺳﮯ ﺍﺑﮭﯽ ﺍﻭﺭ ﺍﺳﯽ ﻭﻗﺖ ﺩﻓﻌﮧﮨﻮﺟﺎﺋﯿﮟ :DVia	0	23
کیا کسی نے اس بات پر توجه دی که ذی الحج کا مھینه کتنے دن کا تھا پاکستان میں ۔۔۔امید ھے کسی نے تکلیف نھیں کی ھوگی۔۔	1	27
بریکنگ نیوز ٹویٹر پر زیادہ جلن کے بعد جیالے پٹواریوں کا غیر آئینی قبضہ رایوینڈ اور بلاول ہاؤس میں مٹھائیاں تقسیم 	1	21
ڈاکٹر طاہر القادری کی جانب سے دھرنا اچانک ختم کرنے کا اعلان کیوں کیا گیا ؟ اندرکی کہانی!!تفصیل لنک میں ۔۔۔ 	1	21
دہشتگردی میں جاں بحق گریڈ 17 کیلیے 50 لاکھ، گریڈ 18، 19 کو 90 لاکھ روپے امداد ملے گی- وزیر اعظم میاں محمد نواز شریف	1	25
ہر ویلے انکار بچپن دے اساں یار اے گللاں چنگیاں تے نہیں -تمام ہندکو یا پوٹھوہاری سمجھنے والوں کے لیے خاص۔۔۔ 	0	21
ویسے تو زندگی موت اللہ کے ہاتھ میں هے لیکن بلٹ پروف گاڑی کو داد نہ دینا بهی زیادتی ہوگی۔آج یہودیوں کی بنائی ہوئی۔۔۔ 	0	24
آج کوئٹہ میں جمہوریت کی گاڑی پر حملہ ہو گیا۔ گاڑی بلٹ پروف تھی جس کی وجہ سے جمہوریت بچ گئی۔ :P	0	22
 حکمران سے اچھائی کی توقع بے سود جو اپنوں کو نواز تے رہیں گے اور غریب عوام جائے بھاڑ میں ان کی بلا سے 	0	24
اللہ رب العزت کا ذکر کیجیے اور سکونِ قلب حاصل کیجیے سبحان الله ،الحمد لله ،الله أكبر،لااله الا الله ،لاحول ولاقوة الا بالله	1	23
پاکستانی کرکٹ ٹیم نے آج آسٹریلیا کے ساتھ وہ کیا ہے جو آفریدی سو میچوں کے بعد کسی ایک میچ میں کرتا ہے 	0	23
گہرے ہلکے ، ہلکے گہرے چھاے شام کے ساے ۔۔دھیرے دھیرے ، ہولے ہولے دل کی دھڑکن گاے ۔۔پروا سنگ سنگ، گونجے بن بن ،کوئل۔۔۔ 	1	25
جو درد دل لوگ اور دھرنے میں شامل ھونے کی تمنا رکھنے والے دوست دھرنے ختم ھونے پر افسرد ہ ھیں اور اپنی بساط کے ۔۔۔ 	0	26
حالات کے مطابق فیصلے لینا پڑتے ہیں ۔ عوامی تحریک سرمایا داروں کی جماعت نہیں کے صرف اپنی انا کی خاطر اتنے ریسورسز۔۔۔ 	0	23
بسم اللہ الرحمن الرحیم السلام علیکم : آج جمعہ مبارک ہے =28 ذوالحج= 143524 اکتوبر = 201410 کاتک = 2071مطیع اللہ راشد	1	22
خوبصورت نظم تمہیں یاروں مبارک ہو عمرابن خطاب آیا خدا سے میں نے مانگا تھا دعاؤں کا جواب آیا سیدنا عمر فاروق رضی اللہ تعالی عنہ	1	26
 آج آپکو یہ راز بھی بتائے دیتی ھوں ، ڈی-چوک میں ایک انقلابی بابا جن والے بھی موجود تھے ۔۔۔۔اور ہمارا میڈیا لاعلم ہی رہااس ڈرامہ سے ۔	1	28
ڈاکٹر طاہر القادری کا دھرنے کیلیے فنڈز جمع کرنے کیلیے بیرون ملک جانے کا فیصلہ اور عمران خان کی بھی دھرنے کیلیے عوام سے فنڈ دینے کی اپیل	0	28
 خدمت کے جذبہ کے ساتھمل کر کام کریں گے انشاء اللہ آج بھی همارا هے اور کل بھیهمارا هے انشاء اللہ۔	1	21
مُجھے کر عطا اے میرے اللہ، توُ بہت بندہ نواز ہے ۔ ۔ ۔میری ہر صبح محتاج ہے تیری رحمتوں کے نزول کی ۔ ۔ ۔دعاء پینڈو	1	27
پاکستان 231 سکور ایک وکٹ کے نقصان پر پاکستان کو 382 رنز کی مجموعی برتری،احمد شہزاد 128 اوریونس خان 67 پر ناٹ آؤٹ	1	23
قومی اسمبلی: دوہری شہریت والوں کو الیکشن لڑنے کی اجازت کا بل پیش، جنوبی پنجاب کو الگ صوبہ بنانے کا مسترد	1	21
سندھ کے بعد ایم کیو ایم آزاد کشمیر حکومت سے بھی الگ ہو گئیوقت آ گیا ہے کہ ایم کیو ایم برطانوی حکومت سے بھی الگ ہونے کا اعلان کردے 	0	30
لاہور میٹرو بس 2013 میں آمدن 90 کروڑ روپے ،اخراجات 2ارب 55 کروڑ روپے ،نقصان 1 ارب 65 کروڑ روپے ۔حکومتی اعدادوشمار	0	22
اپنے آپ کو سزا ملے تب احساس ھوتا ھے اب بھی وقت ھے مبشر اپنے گناھوں کی قوم سے اور الله سے معافی مانگے 	1	24
آپ کو نہیں پتا تازہ ترین قرآنی تحقیق سے پتہ چلا ہے کہ اللہ مخلوق نہیں خالق ہے ، اس کا وجود اسے اس کے تخت پر۔۔۔ 	1	27
سرزمین شام ۔۔۔وہ ولولے آج ابن ِ قاسم کے کیا فسانوں میں کھوگے ھیں ،نبی ﷺ کی امّت کے تن سے رستا ہوا یہ خون تم سے پوچھتا ہے ۔۔۔	0	30
بعض دفعہ اللہ کی طرف سے کسی شخص کا پیغام، بول یا ٹویٹ آپ کے اندرونی تذبذب کو رفع کر دیتا ہے عین اسوقت جب آپ اس خلجان میں مبتلا ہوتے ہیں ۔	1	33
کتے ہماری خواہشیں گلی میں پھر نے والے کتوں کی طرح ہیں کہ جن سے ڈر کر بھاگو تو پیچھے پڑ جاتے ہیں ۔۔۔بھونک بھونک۔۔۔ 	0	25
آقا علیہ السلام کا مکہ میں رہ کر دعوت دینا بھی حکمت عملی تھی اور مدینہ کی طرف ہجرت کر جانا بھی 	1	22
کشمیری 68 برسوں سے بھارتی فوج کے مظالم برداشت کررہے ہیں لیکن انکے جذبہ حریت میں کمزوری نہیں آئی۔ حافظ محمد سعید	0	22
مزیدار کھانا کھانے کے بعد اس نے بل منگوایا، پیسے نکالنے کیلئے جیب میں ہاتھ ڈالا، بٹوا نہ پا کر نادیدہ خوف سے اس۔۔۔ 	0	24
عمران خان ان لوگوں کو سیاست میں لے آئے ہیں جن کیلئے سیاست ایک گالی تھی۔ عمران خان کی پنجاب میں مقبولیت بہت بڑھی۔۔۔ 	1	24
’جنگی ساز و سامان پر قبضے کی ویڈیو کی تحقیقات‘: امریکہ کے محکمۂ دفاع نے کہا ہے کہ وہ دولتِ اسل۔۔۔ 	0	21
+ آسٹریلیا، انڈیا اور دوسرے ملکوں میں بیٹھ کر۔۔ روز کوئی نہ کوئی شوشہ چھوڑ دیتا ہوں ۔۔ اس ملک کو بہت محنت کی ضرورت ہے ۔۔	1	27
لاہور ہائی کورٹ نے سماعت کے دوران اے آر واے نیو کے پروگرام ’کھرا سچ کو پروگرام بند کرنے اور میزبان مبشر لقمان پرپابندی عائد کرنے کا حکم دیا	0	29
نظریہ شخصیات سے بہت بڑا ہو تا ہے ۔ کامیابی انشاالہ قریب ہے ۔ ہمیں بس ایک دوسرے کی ضرورت ہے جو ایک نظریے پر اکھٹے ہوں متحد ہوں اور ہم ہیں ۔	1	33
دوستو تنقید کرنے سے پہلے یہ تو سوچیں کہ اگر دهرنہ ختم هو گیا هے تو پهر ان دهرنوں کا اعلان کیوں ۔ حقیقت میں دهرنہ۔۔۔ 	0	26
کامران شفیع کا کہنا تھا کہ پاکستان میں پانچ لاکھ سے زائد افراد آن لائن کام کرکے پاکستان کے زر مبادلہ میں اضافے کا سبب بن رہے ہیں 	1	28
 سر جی۔ یہ عقل و دانش کا سمندر ھم ڈنمارک یا فرانس کو برآمد کر دیتے ہیں ۔وہ بیچارے بھی اس سے مستفید ہو سکے ۔ڈیموکریسی زندہ باد	1	28
مریم نواز نے کہا کہ استعفی مانگنے والے اب چندہ مانگ رہے ہیں ۔واقعی اگر عمران نے بھی نواز کی طرح منی لانڈرنگ کی ہوتی تو چندہ نہ مانگ رہا ہوتا	0	31
موبائل پر کراچی کی فری نیوز حاصل کرنے کے لئے میسج میں ٹائپ کریں اور بھیج دیں 40404 پر بغیر کسی چارجز کے 	1	23
کچه اور چیز هے شاید تیری مسلمانیتیری نگاه میں هے ایک فقیر و رهبانیسکوں پرستی راهب سے فقیر هے بیزارفقیر کا هے سفینه همیشہ طوفانی	0	25
شاباش اچھی تربیت ہے اس طرح کی زبان اپنے گھر بھی استعمال کریں کافی فائدہ ہو گا اگر فائدہ نا ہوا تو افاقہ ضرور ہوگا	1	25
حضرت عائشہ نے فرمایا اپنی محفلوں کو عمر کے تذکروں سے آباد کرو کیوں کہ جہاں عمر کا ذکر ہوگا وہاں عدل کا ذکر ہوگا	1	25
ملک میں بحث چل رہی ہے ، کہ نئے انتظامی یونٹس کا قیام ہو یا نہ ہو؟جو لوگ اس تقسیم کے خلاف ہیں ، ان کے پاس کوئی معقول جواز نہیں ۔بس گاالیاں ہیں 	0	34
زندگیقدم گھسیٹ گھسیٹ کے چل رہی تھی اور دن لمبے ہوتے جارہے تھے ۔ ایک دن ایک سال کے برابر۔ ایک گھنٹا…ایک دن جتنا۔۔۔۔ 	0	24
 میں آپکی بات سے اتفاق کرتا ہوں ۔لیکن میں سب کی رائے لینا اور سننا پسند کرتا ہوں ۔ ایک عادی بھائی ہیں کبھی کام کی بات نئ کی پ؟؟ سنتا	1	31
قرب کے نہ وفا کے ہوتے ہیں سارے جھگڑے انا کے ہوتے ہیں بات ہوتی ہے صرف نیت کی وقت سارے دُعا کے ہوتے ہیں بھول۔۔۔ 	1	26
ساتھ مل کے ہنسے گا مگر جب آپ رونا چاہو گے تو آپ کو دلاسہ دینے والے تو مل جائں گے مگر آپ کے ساتھ رونے والا کوئی۔۔۔ 	0	28
سیاسی جماعتیں تو چندے پر ہی چلتی ہیں البتہ فیملی لمیٹیڈ کمپنی کے غلام اس احساس و شعور سے عاری ہیں ۔ غلام جو ٹھہرے 	0	25
جو بے حس حکومتیں ہوتی ہیں ، ان کی پشت پر باہر سے ہاتھ ہوتا ہے ، جیسے ہماری معیشت کو آئی ایم ایف نے سنبھال رکھا ہے : جنرل حمید گل	0	32
 سرجی آئی فون تے نیٹ سلو ای بڑا اے سم تے اک حوالہ کڈ لیا اے لنک سینڈ کرنا واں چیکنگ پا لوو	1	23
شہید پاکستان عبد القادر ملا بھی پروفیسر غلام اعظم کے ساتھی تھے ۔ملک کا مشرقی بازو کاٹنے کی بھارتی سازش کا مقابلہ۔۔۔ 	1	22
رسول اللہﷺ کے اخلاق یہ تھے کہا گر کوئی آدمی آپؐ کی طرف منہ کرکے بات کرتاتو آپؐ اس کی طرف متوجہ ہی رہتے یہاں تک کہ فارغ ہوکروہی آدمی چہرہ پھیرلیتا	1	32
تنہا زندگی جینے کا بھی اپنا ہی مزہ ہے ۔ ۔ ۔ نہ کسی کے آنے کی خوشی ، اور نہ کسی کے جانے کا غم ۔	1	27
ہوشیار خبردار شھباز شریف کے چھوٹے بیٹے سلمان شھباز کا درد ناک و دلخراش سکینڈل منظر عام پہ آگیا ۔ ان واہیات ناسور۔۔۔ 	0	23
جیو نیوز مسلسل 18 گھنٹے تک افواجِ پاکستان اور آئی ایس آئی پر کیچڑ اچھالتا رہا ۔لیکن پیمرا کا چئیرمین اور سارا۔۔۔ 	0	22
دریا کی طرح خاموش نہ تھاجن کو بلا کا چاہتا تھاان ہی کے طعنے بھی سنتا تھادنیا نے اسے کچھ نہ دیا 	1	22
محمد ﷺ نے فرمایا جسکا مفہوم ہے ۔۔۔۔۔۔اگر میرے بعد کوئی نبی ہوتے تو وہ عمر ہوتے ۔۔۔۔ سیدنا عمر فاروق	1	21
محکمہ موسمیات کیمطابق بحیرہ عرب میں ہوا کے کم دباؤ میں مزید شدت آرہی ہے امکان ہے آئندہ 24 گھنٹوں میں یہ سمندری طوفان میں تبدیل ہوجائے گا	0	28
ﭘﺨﺘﮕﯽ ﺍﻭﺭ ﻣﯿﭽﻮﺭﭨﯽ ﮐﯽ ﺿﺮﻭﺭﺕ ﺟﺴﻢ ﺳﮯ ﺯﯾﺎﺩﮦ ﺫﮨﯿﻦ ﮐﻮ ﺩﺭﮐﺎﺭ ﮨﻮﺍ ﮐﺮﺗﯽ ﮨﮯ۔ﮐﮧ ﺟﺴﻢ ﺗﻮ ﻋﻤﺮ ﮐﮯ ﺳﺎﺗﮫ ﺳﺎﺗﮫ ﻓﻄﺮﯼ ﺍﻧﺪﺍﺯ ﻣﯿﮟ۔۔۔ 	1	23
 کیا ریلوے شیخ نے نهیں بحال کی تھی۔ اگر لال مسجد اس په ڈالتے ھو ھو اس کے اچھے کام کیوں اس په نهیں ڈالتے ۔	0	26
میں نے ورلڈ کپ جیتامیں نے ہسپتال بنایامیں نے سیاسی پارٹی بنائیمیں نے کنٹینر سیاست شروع کیمیں نے چندہ کی ٹیکنالوجی کو بام عروج تک پہنچایا	1	26
سستی بجلی عوام کا جائز مطالبہ ہے : نواز شریف اور عوام کو ایسے جائز مطالبات کرتے رہنا چاہیے کیونکہ سب اللہ کے اختیار میں کبھی تو تقدیر بدلے گا	1	30
"ٹریفک چوک تلہ گنگ کا نام"" غازی میاں محمد شہید چوک""جسے ہم بھول گئے تلہ گنگ:شہر کے معروف ترین چوک ٹریفک چوک کانام۔۔۔ "	0	23
کسی روندے نوں ھسایا ای تے دس خاں کسی پکھے نوں رجایا اع تے دس خاں راه وچ پے روڑے نوں ھٹایا ای تے دس خاں کسی دے پھٹ نوں سیتا ای تے دس خاں 1/2	0	36
منافق کی تین نشانیاں ہیں جب بات کرے توجھوٹ بولے ، جب وعدہ کرے تواس کی خلاف ورزی کرے اور جب امانت رکھوائی جائے تواس میں خیانت کرے ۔(بخاری)	0	29
 شب وصال جلدی آجاوے گی اگر تو کسی ہور ہانڈی پر توجہ مرکوز کرلے گھر والوں کو پتا تو چلے منڈا جوان ہو گوا 	1	24
بریکنگ:- دھرنوں نے تحریک انصاف اور عوامی تحریک کو کنگال کر دیابریکنگ:- دونوں پارٹیاں پہلی بار مالی بحران کا شکار ہو گئیں 	0	22
لعنت ہے ایسے نظام پر جس میں ٹیکسی چلانے کے لیے گریجوئیٹ ہونا ضروری ہے مگر---ملک چلانے کے لیے یہ شرط پارلیامنٹ نے ختم کر دی ہے 	0	27
 اسپیکر کے سامنے ذاتی طور پر پیش ہو کے تصدیق کرنا ضروری ہے ، ابھی ہوائی استیفے ہیں ، اور زبردستی کے بھی 	0	23
عوامی تحریک کے چیئرمین ڈاکٹر طاہر القادری نے شاہراہ دستور پر 70 روزہ جاری دھرنا ختم کر کے جہاں حکومت کو ریلیف دیا۔۔۔ 	1	23
 نقصان تھوڑا ہوا ،اس غریبکا ،جمع پونجی بھی گئی ،کاروبا بھی تباہ ہوا،اورہاتھ بھی کچھ نہیں آیا ۔کہتے تھے حکومت ملے گی	0	22
چیرمین تحریک انصاف عمران خان کا کہنا ہے کہ محرم الحرام آنے کے باوجود ہم اسلام آباد سے نہیں جائیں گے جب کہ محرم۔۔۔ 	0	24
پاکستانی فورسز کی جانب سے کوہستان مری کے مختلف علاقوں میں عام بلوچ آبادی کو نشانہ بنایا اور معصوم بلوچوں پر فضائی۔۔۔ 	0	22
سارے پاکستا کو پتا ھے دونوں بڑی پارٹیاں مل کر کس طرح پاکستان پر زبردستی قابض ھیں ۔اب پولیس عوام کے حقوق صلب جرتی ھے ۔پیمرا،نیپرا،نادرا نو میرٹ	0	28
ﺟﻮ PTI ﮐﮯ ﻟﻮﮒ ﮔﺎﻟﯽ ﮔﻠﻮﭺ ﮐﺮ ﺭﮨﮯ ﮨﯿﮟ ۔ ﺍﻥ ﮐﻮ 30 ﺍﮔﺴﺖ ﮐﯽ ﺭﺍﺕ ﮐﻮ ﯾﺎﺩ ﺭﮐﻬﻨﺎ ﭼﺎﮨﯿﮯ ۔ ﺍﭘﻨﮯ ﻟﯿﮉﺭ ﮐﻮ ﭼﻬﻮﮌ ﮐﺮ ﺑﻬﺎﮒ ﮔﮯ ﺗﻬﮯ 	0	29
 انشا اللہ۔ لیکن اب وقت ہے کہ کوئی سیاسی بلنڈر نا کیا جائے ۔ جوش کے بجائے ہوش سے کام لیا جائے ۔	1	23
انشاء جی اٹھو اب کوچ کرو، اس شہر ميں جی کو لگانا کيا۔۔۔۔۔: انشاء جی اٹھو اب کوچ کرو، اس شہر ميں جی کو لگانا کي۔۔۔ 	0	26
 پہلی بار مجھے بھی جب کسی نے انکل کہا تھا تو دل دکھا تھا لیکن آہستہ آہستہ عادت ہو گئی ہے ۔ آپ کو بھی ہو جاے گی	0	28
گھر سے استنجاء اور وضو کر کے مسجد آنا:احادیث مبارکہ سے یہ ثابت ھوتا ھے کہ وضو اور استنجاء گھر سے کرکے جانا۔۔۔ 	1	23
