TWEETS Data	positiveword1	positiveword2	negativeword1	Nword2	nword3	NEGtopos	postoneg	POSadj1	posadj2	label	Word_Count
سرچ|PN انجن|PN گوگل|NN کے|P نائب|ADJ صدر|NN نے|P فضا|NN میں،|UNK 130,000|CA فٹ|NN کی|P بلندی|NN پر|P چھلانگ|NN لگا|VB کر|KER عالمی|ADJ ریکارڈ|NN قائم|ADJ کرلیا۔|UNK چھلانگ|NN کی…|UNK	1	1	0	0	0	0	0	0	0	1	23
| یہ|PP لفظوں|NN كى|CA شرارت|NN ھے|AA سنبهل|VB کر|KER کچھ|Q بهى|PN لِكهنا|UNK تم|PP محبت|NN لفظ|NN ھے|AA ليكن|PN یہ|PP اكثر|PN هو|PN بهى|PN جاتى|PN ھے|AA	1	0	0	0	0	0	0	0	0	1	22
سہیل|PN بخاری|NN کا|P کہنا|VB تھا|TA کہ|SC تعزیتی|ADJ ریفرنس|NN میں|P یاسین|PN ملک|NN کے|P قریبی|ADJ دوستوں|NN کی|P شرکت|NN نہ|NEG کرنے|VB پر|P انہیں|PP بہت|ADV افسوس|NN ہے|TA	1	0	2	0	0	2	0	1	0	2	23
ایک|CA شرابی|ADJ کے|P ہاں|INT ہر|Q وقت|NN شراب|NN کا|P دَور|NN رہتا|VB تھا.ایک|UNK مرتبہ|NN اس|PP کے|P دوست|NN احباب|NN جمع|ADJ تھے|TA شراب|NN تیار|ADJ تھی|TA اس|PP نے|P اپنے|GR غلام|NN	0	0	2	2	0	0	0	0	2	0	25
اسلام|NN آباد:|UNK چیرمین|NN تحریک|NN انصاف|NN عمران|NN خان|NN کا|P کہنا|VB ہےکہ|SC محرم|NN الحرام|NN آنے|VB کے|P باوجود|NN ہم|PP اسلام|NN آباد|ADJ سے|SE نہیں|NEG جائیں|AA گے|TA	0	0	0	0	0	0	2	0	0	0	22
جس|REP قسم|NN گندے|ADJ الفاظ|NN فضلو|NN نے|P دھرنے|VB کی|P خواتین|NN کے|P بارے|NN میں|P استعمال|NN کئے|Q اس|PP پر|P تمام|Q سیاسی|ADJ اور|CC مزھبی|ADJ جماعتوں|NN کو|P انکا|PN بائکاٹ|NN کرنا|VB چاہئے,|UNK	1	1	2	2	0	0	0	2	0	0	26
ایم|PN کیوایم|PN کے|P قائد|ADJ الطاف|NN حسین|ADJ کی|P تصنیف|NN ’’فلسفہ|UNK محبت|NN ‘‘|UNK کے|P انگریزی|PN ترجمہ|NN کی|P تقریب|NN اجراء|NN 24اکتوبر|UNK جمعہ|PN کی|P شام|NN میریٹ|PN ہوٹل|NN میں|P منعقد|ADJ ہوگی,|UNK	1	0	0	0	0	0	0	0	0	1	26
سردار|NN بننے|VB سے|SE پہلے|NN علم|NN حاصل|ADJ کرو،|UNK کہیں|AKP ایسا|PP نہ|NEG ہو|VB کہ|SC سرداری|ADJ کا|P غرور|NN تمہیں|PP طلبِ|NN علم|NN سے|SE روک|VB دے|VB اور|CC تم|PP جاہل|NN بن|VB کر|KER زندگی|NN گذارو|NN	1	0	2	0	0	1	0	0	0	1	28
ایم|PN کیوایم|PN کا|P آزاد|ADJ کشمیرحکومت|UNK سے|SE علیحدگی|NN کا|P اعلاناسکے|UNK ساتھ|NN ہی|I حکومت|NN سے|SE اندر|NN باہر|NN ہونے|VB کا|P عالمی|ADJ ریکارڈ|NN بھی|I بنا|VB ڈالا.|UNK	0	0	0	0	0	0	0	0	0	2	22
| اوہ|INT معذرت،|UNK بے|PN دھیانی،|UNK کئی|Q مہینوں|NN بعد|NN فون|NN سننا|VB پڑ|AA گیا|AA دماغ|NN ہی|I بند|ADJ ہوگیا،|UNK عادت|NN نہیں|NEG فون|NN پر|P بات|NN کرنے|VB کی|P	0	0	2	0	0	2	0	2	0	0	23
مشرف|NN کےدوست|PN شیرافگن|PN نےکہا|PN تھا|TA کہ|SC فضل|PN الرحمن|PN کواس|NN شرط|NN پر|P اپوزیشن|PN لیڈر|NN بنایا|VB گیا|AA تھا|TA کہ|SC وہ|PP مشرف|NN کی|P پالیسیوں|NN کی|P حمایت|NN کریں|VB گے#ڈیزل_کی_اصلیت,|UNK	1	0	2	2	0	0	0	0	0	0	25
| میں|P ابھی|AP باہیک|UNK پر|P مری|ADJ روڈ|PN راولپنڈی|PN سے|SE آیا|VB ھوں.|UNK میٹرو|PN کے|P کام|NN کی|P وجہ|NN سے|SE مری|ADJ روڈ|PN پر|P بہت|ADV زیادہ|ADV گردوغبار|NN ھے|AA ٹریفک|NN کا|P جام|NN رہنا|VB معمول|NN ھے,|UNK	0	0	2	2	0	0	0	0	0	0	30
ایرانی|PN دہشتگردامین|UNK شہیدی|NN نے30|UNK اگست|PN کو|P اسلام|NN آباد|ADJ میں|P مولانا|PN فضل|NN ا|PN الرحمن|PN سے|SE انتقام|NN کا|P اعلان|NN کیا|VB تھاوہی|ADJ ہوا..|UNK بس|NN الله|PN نے|P مولانا|NN کو|P بچا|VB لیا,|UNK	1	0	2	0	0	0	0	1	0	1	27
عمران|NN بھائی|NN اپ|NN کے|P لطیفوں|NN پر|P تو|I اب|AP لوگ|NN کا|P فی|Q زور|NN کا|P ہنستے|VB ہیں.|UNK آپ|PP اپنے|GR شوز|NN کا|P ٹکٹ|NN لگا|VB لیں|AA پیسے|NN مل|VB جائیں|AA گے|TA اور|CC مانگنے|VB کی|P شرمندگی|NN بھی|I نہ|NEG ہو|VB گی,|UNK	1	1	0	2	0	0	1	0	0	1	34
تین|CA چیزیں|NN محبت|NN بڑھانے|VB کا|P ذریعه|NN ھیں|NN )1(|UNK سلام|NN کرنا|VB )2(|UNK دوسروں|PP کے|P لیے|ADV مجلس|NN میں|P جگه|NN خالی|ADJ کرنا|VB )3(|UNK مخاطب|NN کو|P بھترین|ADJ نام|NN سے|SE پکارنا|VB )حضرت|UNK عمر|NN	1	1	0	0	0	0	0	0	2	1	28
|NN عمران|NN خاں|NN زنا|NN اور|CC اپنے|GR ناجائز|ADJ بچوں|NN کو|P پرائیویٹ|PN معامله|NN کھتا|VB ھے|AA کیا|QW ایسے|ADJ شخص|NN کے|P پیچھے|NN قوم|NN کو|P چلنا|VB چاھیے|AA	0	0	2	2	0	0	0	0	0	0	22
انشا|PN جی|PN اٹھو|PN اب|AP کوچ|NN کرو|VB اس|PD شہر|NN میں|P جی|PN کا|P لگانا|VB کیا|VB ہاہاہا|PN اور|CC یہ|PP کہ|SC کر|VB قادری|ADJ صاحب|NN شہر|NN اقتدار|NN پر|P بہت|ADV بڑا|ADJ احسان|NN کر,|UNKگۓ|VB	0	0	0	0	0	0	0	0	0	2	27
"شامی|ADJ صاحب|NN تو|SC ایڈیٹر|NN اور|CC تجزیہ|NN نگار|NN ہیںمیں|AA رپورٹر|NN ہوں|TA جو|REP اینٹ|NN اٹھاتا|VB ہوں|TA بڑے|ADJ بڑے|ADJ کرپشن|NN سکینڈل|NN نکلتےتو|UNK میں|P جذباتی|ADJ کیوں|QW نہ|NEG|ہوں:رؤف|UNK کلاسرا"""",|UNK"	0	0	2	2	0	1	0	2	0	0	24
اسلام|NN آباد:|UNK مولانا|PN فضل|PN الرحمان|PN پر|P حملے|NN کے|P خلاف|NN کل|Q ملک|NN بھر|VB میں|P یوم|PN مذمت|NN منایا|VB جائے|AA گا،|UNK علامہ|NN محمد|PN احمد|PN لدھیانوی|PN	1	0	2	2	0	0	0	0	0	0	22
حنیف|ADJ محمد|NN کے|P پوتے|NN شہزر|UNK محمد|NN نے|P پاکستان|PN کرکٹ|NN میں|P پی|VB آئی|VB اے|PN کی|P طرف|NN سے|SE سنچری|PN بنا|VB کر|VB ریکارڈ|NN بک|NN میں|P اپنا|GR نام|NN منفرد|ADJ تعارف|NN کے|P طو|NN پر|P درج|ADJ کرا|VB دیا,|UNK	1	1	0	0	0	0	0	1	0	1	32
تمام|Q اہل|ADJ اسلام|NN کو|P نیا|ADJ اسلامی|PN سال|NN مبارک|ADJ ہو|VB .الله|UNK پاک|ADJ یہ|PD سال|NN ہمارے|G لیئے|ADV رحمتوں|NN اور|CC برکتوں|NN کا|P باعث|NN بنائے|VB ہمارے|G حال.|UNK	1	1	0	0	0	0	0	1	1	1	23
ریالٹی|PN تو|SC یہ|PP ہے|VB ہمارے|G دونوں|OR انقلابی|ADJ گو|SC نواز|NN گو|SC اور|CC جلسوں|NN کو|P اپنی|GR کامیابی|NN قرار|NN دے|VB رہے|AA ہیں|TA .یہ|UNK دونوں|OR کام|NN تو|SC ان|PP دھرنوں|NNکے|P بغیر|NN بھی|I ہو|VB سکتے|AA تھے|TA	1	1	2	2	0	0	0	1	0	1	30
وہ|PP جو|REP بیچتے|VB تھے|TA دوائے|ADJ دل،،،|UNK وہ|PP دکان|NN اپنی|GR بڑھا|VB گئے.|UNK شاہراہ|NN دستور|NN سے|SE عوامی|ADJ تحریک|NN کے|P کارکنوں|NN کی|P واپسی،،|UNK سی|A ڈی|PN اے|PN نے|P صفائی|NN مہم|NN شروع|NN کردی|VB	1	0	0	0	0	0	0	0	0	1	28
لاہوریوں|PN نے|P اجتماع|NN عام|ADJ کے|P لیے|ADV دل|NN کے|P دروزے|NN کھول|VB دیے۔|UNK ڈونرز|PN کانفرنس|NN میں|P ڈیڑھ|PN کروڑ|NN سے|SE زائد|ADJ رقم|NN جمع|ADJ کروا|VB دی|VB	1	1	0	0	0	0	0	1	2	1	22
| سائن|NN آوٹ|NN کرو|VB اور|CC کوئی|Q اچھی|ADJ سی|A کتاب|NN پڑھو۔آپ|UNK زیادہ|ADV آوٹنگ|NN نہیں|NEG کرتے|VB شائد۔|UNK ٹویٹر|NN سے|SE باھر|ADV بھی|I نکلا|VB کرو|VB ۔|SM	1	1	0	0	0	0	2	1	0	1	22
ہر|Q کچھ|Q عرصے|NN بعد|NN انقلاب|NN کے|P نام|NN پر|P یہ|PP ناٹک|NN اس|PD خوف|NN کے|P پیش|NN نظر|NN رچایا|VB جاتا|AA ہے|TA کہ|SC عوام|NN کہیں|AKP حقیقی|ADJ انقلاب|NN کے|P لئے|NN ہی|I کھڑے|ADJ|نہNEG ہو|VB جائیں۔|UNK	0	0	2	2	0	0	2	0	0	0	29
| استعفیٰ|NN کی|P بعد|NN تو|SC ہم|PP پارلیمنٹ|NN سے|SE ہی|I باہر|NN ہو|VB جائیں|AA گے|TA قادری|NN کی|P طرح|NN ہمیں|PP شرپسند|ADJ عناصر|NN کہا|VB جائے|AA گا,|UNK	0	0	2	2	0	0	0	0	0	0	22
فقیر|NN وہ|PP ہےجو|PN اپنی|GR غلطیوں|NN پر|P اپنا|GR احتساب|NN کرے|VB اور|CC دوسروں|PP کی|P اچھائیوں|NN پر|P نظر|NN ??کھے|UNK نا|ADV کے|P دوسروں|PP کو|P گالیاں|NN دے|VB اور|CC خود|RP کو|P فرشتہ|NN سمجھے|VB	1	1	2	2	0	0	0	0	0	2	27
فقیری|NN اچھی|ADJ پروہ|NN جوآپ|NN کولوگوں|NN سےبےنیاز|NN کردے|NN نا|ADV کے|P وہ|PP فقیری|NN جس|REP میں|P آپ|PP لوگوں|NN کی|P نیاز|NN کے|P ہوں|TA محتاج|NN اور|CC ہاتھ|NN پھیلاتے|VB پھریں|AA سب|کے|P سامنے|NN	1	0	2	2	0	0	2	1	0	0	26
خدا|NN کے|P لیے|ADV کوئی|Q Candy|VB Crush|PN Saga|PN گیم|NN کھیلنے|VB کے|P لئے|NN جو|REP لوگ|NN مجھ|PP کو|P انوائیٹ|NN کرتے|VB ہیں|TA ان|PP سے|SE جان|PN چھڑوائے|VB خدا|NN لئے|NN	1	1	0	0	0	0	0	0	0	1	24
ساحر|NN لدھانیوی|UNK ،|PM عصمت|NN چغتائی|NN ،|PM راجندر|PN سنگھ|PN بیدی|NN ،|PM علی|PN سردار|NN جعفری|PN اور|CC دیگر|NN ترقی|NN پسند|NN ادیب|NN ساحل|NN سمندر|NN پر|P اکٹھے|ADJ ہیں|TA	1	1	0	0	0	0	0	0	0	1	23
میں|P تحریک|NN انصاف|NN اور|CC عوامی|ADJ تحریک|NN کے|P کارکنوں|NN سے|SE کہتا|VB ہوں|TA کہ|SC اگر|SC ہم|PP سے|SE کوئی|Q سے|SE کوئی|Q بھی|I پیچھے|NN ہٹے|VB اسے|PP چھوڑدینا،|UNK اگر|SC	0	0	2	2	0	0	0	0	0	0	24
دولت|NN واقعی|ADV آزمائش|NN ھے۔|UNK اساتذہ|NN اور|CC تحقیق|NN کرنے|VB والوں|WALA کیلئے|AA ھمارا|PN بجٹ|NN صرف|ADV 10|CA ھزار|NN ھوتا|VB ھے|AA جبکہ|SC ساوںڈ|UNK سسٹم|NN والے|WALA ڈی|PN جے|PNکیلئےستائیس|UNK لاکھ|NN	0	0	0	0	0	0	0	2	0	0	24
:|PM ایم|PN کیو|PN ایم|PN کو|P منانے|VB کی|P کوئی|Q کوشش|NN نہیں|NEG کی،رحمان|UNK ملک|NN گویا|SC اس|PD بار|NN خود|RP ہی|I ذلیل|NN ہو|VB کہ|SC واپس|ADJ آ|VB جاویں|NN گےجیسے|AA طاھرکینیڈوی|UNKذلیل|NN و|CC رسوا|VB ہو|VB کہ|SC آ|VB گئے,P|UNK	1	0	2	2	0	0	1	0	0	0	31
|PN اپنے|GR باپ|NN شوبازشریف|UNK کو|P بول|VB پہلے|NN وہ|PP پنجاب|NN کو|P بچالے|VB اور|CC تو|I اپنی|GR بجلی|NN پر|P توجہ|NN دے.|UNK ماما|NN نا|ADV بن|VB KPK|NN کا.جعلی|UNK معزز|ADJ بهڑوے|UNKسالے|NN	0	0	2	2	0	0	0	0	0	0	25
اج|NN بهت|ADV سے|SE لوگو|NN کو|P طاهر|PN القادری|PN کا|P فیصله|NN سمج|NN نهی|NEG ایا،|UNK کل|Q پهر|NN انهی|PN لوگو|NN کا|P کهنا|VB هو|PN گا|TA طاهر|PN القادری|PN ڻهیک|UNK کهتے|VB تهے.|UNK	0	0	0	0	0	0	0	0	0	2	25
مذہب|NN کی|P چادر|NN میں|P بدنما|ADJ داغ|NN ہیں۔|UNK ان|PP بدنما|ADJ داغوں|NN کو|P دیکھنے|VB کے|P لیے|ADV عقیدت|NN کی|P عینک|NN کو|P اتارنا|VB پڑتا|AA ہے۔|UNK ہم|PP اکثر|ADV سمجھتے.|UNK	0	0	2	2	0	0	0	2	0	0	24
آپ|PP میں|P سےوہ|NN جنہوں|REP نے|P جنرل|PN ضیاع|NN ال|PN یک|CA کا|P دور|NN دیکھا|VB ہے،|UNK جان|PN سکتےہیں|AA کہ|SC ہم|PP لوگ|NN کس|KP کرب|NN سے|SE گزرے|VB ہوں|TA گےپچھلی|UNK دو|CA ٹویٹس|ملاحظہ|ADJ ہوںNN	0	0	2	0	0	0	0	0	0	0	27
مذہبی|ADJ امور|NN کے|P وزیر|NN سردار|NN محمد|PN یوسف|PN اور|CC رکن|NN قومی|ADJ اسمبلی|NN محمد|PN صفدر|NN نے|P اسلام|NN آباد|ADJ میں|P وزیراعظم|NN محمد|PN نواز|NN شریف|ADJ سے|SE ملاقات|NN کی,	0	0	0	0	0	0	0	0	0	2	24
پاکستان|PN کی|P قومی|ADJ کرکٹ|PN ٹیم|NN کے|P سابق|ADJ کپتان|NN شعیب|ADJ ملک|NN کا|P باوٴلنگ|UNK ایکشن|NN بھی|I مشکوک|ADJ قرار|NN دے|VB دیا|AA گیا،|UNK روزنامہ|ADJ اُردو|PN پوائنٹ|NN	0	0	2	0	0	0	0	0	2	0	22
مجھے|PP #سیدناعمرفاروق|UNK رضی|PN اللہ|NN عنہ|NN سے|SE محبت|NN اس|PD وجہ|NN سے|SE بھی|I ہے|TA کہ|SC میں|PP نے|P دیکھا|VB کہ|SC آدھی|FR دنیا|NN کا|P حکمران|NN سر|NN کے|P نیچے|NN اینٹ|NN رکھے|VB درخت|NN کےسائے|NN تلے|NN سویاہے,P|UNK	1	0	0	0	0	0	0	0	0	1	30
اووووووئے|UNK پاکستانیوں|NN دس|CA بیس|CA روپے|NN چندہ|NN دو|CA مجھے،|UNK تمہارے|G لئے|NN دھرنے|VB دے|VB رہا|AA ہوں!|UNK اگر|SC آ|VB نہیں|NEG سکتے،|UNK چندہ|NN تو|I دے|VB سکتے|AA ہو|VB ناں!!!!#چندے_سے_انقلاب	0	0	2	2	0	0	2	0	0	1	24
لوگوں|NN پر|P ایک|CA ایسا|PP زمانہ|NN آنے|VB والا|WALA ہے|TA کہ|SC جس|REP میں|P آدمی|NN کو|P پرواہ|NN نہیں|NEG ہوگی|VB کہ|SC جو|REP وہ|PP لے|VB رہا|AA ہے|VB آیا|VB کہ|SC حلال|NN ہے|TA یا|حرامCC(صحیح|UNK بخاری),|UNK	1	0	2	0	0	0	2	0	0	0	28
عمران|NN اگر|SC اپنے|GR بچوں|NN کی|P صحیح|ADJ تعداد|NN بتا|VB دے|VB اور|CC اپنا|GR ڈوب|VB ٹیسٹ|NN که|PN وه|PN نشئی|NN نھیں|NN ھے|AA وه|PN چیک|NN کروا|VB تو|SC شاید|ADV کچھ|Q اور|CC لوگ|NN اس|PPی|P حمایت|NN کردیں|VB	1	0	2	0	0	1	0	0	0	1	29
کوئی|Q بھوک|NN سے|SE مر|VB گیا|AA اور|CC کسی|KD نے|P خودکشی|ADJ کر|VB لی|AA تو|SC کیا|VB ہوا|VB غریب|ADJ تو|SC مرتے|VB ہی|I رهتے|AA ہیںکسی|AA کو|P انقلاب|NN کی|P فکر|NN ہے|TA اور|CC کسی|KD کو|Pحکومت|NN 	0	0	2	2	2	0	0	1	0	0	28
| اچھا|ADJ اچھا|ADJ صدر|NN میں|P گھوم|VB رہیں|AA وہاں|AP میرے|G پُھپُھا|UNK کی|P دُکان|NN تھی|TA لائف|PN بُکس|PN SEسے|کے|P نام|NN سے|SE اور|CC کراچی|PN کمپنی|NN میں|P فاران|PN بُکس|PN کے|P نام|NN	0	0	0	0	0	0	0	1	1	1	26
ملک|NN میں|P مذہب|NN کے|P نام|NN پر|P فرقہ|NN واریت|NN کی|P آگ|NN بھڑکائی|VB جا|AA رہی|AA ہے|VB جس|REP سے|SE ملک|NN کھوکھلا|VB ہو|VB رہا|AA ہے|TA :|PM طارق|NN جمیل,|UNK	0	0	2	2	2	0	0	0	0	0	24
اسلام|NN آباد|ADJ دھرنا|VB ختم|ADJ کرنے|VB پر|P ایک|CA ایسی|AD پارٹی|NN کے|P کارکنان|NN بھی|I زہر|NN اگل|VB رہے|AA ہیں|VB جن|REP کے|P سربراہ|NN پہلے|NN دن|NN سے|SE ہی|I دن|NN رات..|UNK	0	0	2	2	0	0	0	0	0	0	25
| کرکٹ|NN کی|P اس|PD بیکار|ADJ ٹیم|NN پر|P کیوں|QW پاکستان|PN کا|P قیمتی|ADJ زرمبادلہ|NN خرچ|NN کیا|VB جا|AA رہا|AA ہے|VB یہ|PP کبھی|AKP نہیں|NEG جیت|VB سکتے..|UNK ان|PP کو|P دفع|NN کرو|VB	1	0	2	0	0	0	0	2	0	0	26
دیکھو|VB نعرے|NN مت|ADV مارو|PN اس|PD نشئی|NN عمران|NN کا|P ذریعه|NN معاش|NN بتادواگر|UNK تمھیں|NN پته|NN ھےتو|UNK میں|P اس|PD لاکھ|NN درجے|NN خود|RP دار|NN ھوں|NN اپنی|GR کھاتا|VB ھوں|NN	1	1	0	2	0	0	0	0	0	1	24
"آپ|PP صلی|PN الله|PN علیہ|PN وسلم|PN نےفرمایا|PN اگرجھک|UNK جانے|VB (|PN عاجزی|NN اختیار|NN کرنے)|UNK سے|SE تمہاری|G عزت|NN گھٹ|VB جاۓ|AA تو|SC قیامت|NN کےدن|PN مجھ|PP سےلےلینا""(|UNK صحیح|ADJ مسلم|PN حدیث|,|UNK"	1	1	2	2	0	0	0	1	0	1	25
":|PM نوازشریف|NN کے|P استعفے|NN کے|P بغیر|NN کنٹینر|NN سے|SE نہیں|NEG نکلوں|VB گا|TA -|PM عمران|NN خان|NN (جھوٹے|UNK ہر|Q روز|NN نکلتا|VB ہے|TA بنی|VB گالا|VB بھی|I جاتا|AA ہے|TA :پ)"",N|UNK"	0	0	2	2	0	2	0	0	0	0	25
دبئی|ADJ ٹیسٹ|NN یونس|PN خان|NN کےنام|NN ٹیسٹ|NN کےدونوں|NN اننگز|NN میں|P سنچری|PN لگاکر|PN پاکستان|PN کی|P تاریخ|NN میں|P سب|Q سے|SE زیادہ|ADV سنچریاں|NN بنانےوالےکھلاڑی|UNK بن|VB گئے,|UNK	1	1	0	0	0	0	0	1	0	1	22
قرآن|PN و|CC سنت|NN کی|P روشنی|NN میں|P لفظ|NN مہاجر|NN کی|P بے|PN حرمتی|PN پر|P فتویٰ|NN جاری|ADJ کیاجائے|VB گا|TA ،|PM احتجاجی|ADJ پروگرام|NN کا|P انعقاد|NN اور|CC بھوک|NN ہڑتال|NN کی|VB جائے|AA گی,N|UNK	0	0	2	2	0	0	0	1	0	0	27
میرا|G کپتان|NN نہی|NEG بولا|VB تو|SC ہمیں|PP بھی|I PAT|NN کے|P دوستو|PN کو|P کچھ|Q نہی|NEG بولنا۔ہمیں|UNK اپنے|GR راستے|NN پر|P چلنا|VB ہے|TA اور|CC منزل|NN کی|P جانب|NN بڑھنا|VB ہے۔انشااللہ|UNK نیا|ADJ پاکستان|PN ,P|UNK	1	0	0	0	0	2	1	0	0	1	28
عوام|NN کو|P مصروف|ADJ رکھو|VB بیوقوف|ADJ بناتے|VB رہو|NN اور|CC ملک|NN لوٹتے|VB رہوصوبے|UNK کا|P ڈرامہ|NN رچا|VB تے|NN رہو|VB کراچی|PN کے|P عوام|NN کو|P بیوقوف|ADJ بنا|VB تے...|UNK ,N|UNK	0	0	2	2	2	0	0	0	0	0	24
اس|PD بات|NN کو|P ماننے|VB میں|P کوئی|Q تعامل|NN نہیں|NEG کہ|SC ہم|PP اپنے|GR مقصد|NN میں|P |UNK کامیاب|ADJ نہیں|NEG ہوئے.|UNK مگر|SC ہم|PP نے|P اس|PD نظام|NN پر|P کاری|NN ضرب|NN ضرور…|UNKمجبوراً|ADV سپورٹ|NN کرے|VB گی	1	1	0	2	2	1	2	2	0	0	29
اب|AP دامن|NN حیات|NN میں|P کچھ|Q بھی|I نہیں|NEG رہافردا|UNK کی|P سرد|ADJ آگ|NN میں|P حالات|NN جل|VB گئےکلیات|UNK چٹک|VB رہی|AA ہیں|TA کہ|SC شاخوں|NN پہ|SC آبلےغنچوں|UNK کی|P مہکتوں|UNK سے|SE میرے|G ہاتھ|NN جل|VB گئے,N|UNK	1	0	2	0	0	0	2	0	0	0	29
مینار|NN پاکستان|PN سے|SE تکمیل|NN تحریک|NN پاکستان|PN کے|P ایجنڈے|NN کولے|NN کر|KER ملک|NN بھرمیں|NN اس|PD تحریک|NN کو|P پھیلائیں|VB گے|TA ۔|SM امیر|ADJ صوبہ|NN ڈاکٹر|NN وسیم.|UNK	1	1	0	0	0	0	0	0	0	1	22
| کچھ|Q بھی|I نھیں|NN ھوگا۔اسکا|UNK نوٹس|NN تو|SC سپر|PN کورٹ|PN کو|P خود|RP لینا|VB چاہیے|AA تھا|TA بھت|NN پھلے۔کوکین|UNK اب|AP گولی|NN کے|P نت|NN نئے|ADJ مزے|NN مدھوشی|NN !!,N|UNK	0	0	2	2	0	0	0	0	0	0	24
| ایک|CA جماعت|NN سندھیوں|NN کے|P جذبات|NN سے|SE کھیل|VB رہی|AA ہے|TA کہ|SC مہاجر|NN قابض|ADJ ہو|VB رہے|AA ہیں|TA جبکہ|SC دوسری|ADJ جماعت|NN مہاجروں|NN کے|P جذبات|NN سے|SE کہ|SC سندھی|PN قابض|ADJ ہو|VB رہے|AA ہیں,N|UNK	0	0	2	2	2	0	0	0	0	0	29
تحریک|NN انصاف|NN کا|P صدرہاشمی|UNK حساس|ADJ وقت|NN پر|P ساتھ|NN چھوڑ|VB جائے|AA تو|SC خان|NN کوفرق|UNK نہیں|NEG پڑا۔|UNK قادری|NN کے|P جانے|VB سے|SE کیوں|QW پڑے|AA گا|TA جو|REP تحریک|NN انصاف|N کا|P ممبر|NN بھی|I نہیں۔,N|UNKN	1	0	2	2	0	0	2	0	0	0	29
دہشت|NN گردی|NN سے|SE بھی|I زیادہ|ADV اموات|NN ہر|Q سال|NN زہریلی|ADJ شراب|NN کی|P وجہ|NN سے|SE ہوتی|VB ہے۔|UNK دہشت|NN گردی|NN اور|CC ’’قدرتی‘‘|UNK آفات|NN کی|P طرح|NN گھٹیا|VB شراب|NN سے|SE بھی|I غریب|ADJ ہی|I مرتا|VB ہے,N|UNK	0	0	2	2	2	0	0	2	0	0	30
4|CA سال|NN بعد|NN مگر|SC انصاف|NN مل|VB گیادہلی|UNK کی|P ایک|CA عدالت|NN نے|P اجتماعی|ADJ ریپ|NN کیس|NN کے|P تمام|Q پانچ|CA قصورواروں|NN کو|P عمر|NN قید|NN کی|P سزا|NN سنائی|VB ہے,P|UNK	1	0	2	2	0	0	0	2	0	1	25
دانشمندی|NN نہیں|NEG ہے|TA کہ|SC آپ|PP وزیراعظم|NN کا|P استعفے|NN مانگتے|VB مانگتے|VB خود|RP اپنے|GR استعفیٰ|NN دیدیں۔|UNK تحریک|NN انصاف|NN اسمبلیوں|NN میں|P بے|PN شک|NN نہ|NEG جائے|AA لیکن|SCاستعفے|NN نہ|NEG دے,N|UNK	1	0	2	0	0	0	2	0	0	0	25
پاکستان|PN تحریک|NN انصاف|NN کا|P 29اکتوبر|UNK کو|P استعفوں|NN کے|P معاملے|NN پر|P بات|NN کرنے|VB کیلئے|AA اسپیکر|NN قومی|ADJ اسمبلی|NN کے|P سامنے|NN پیش|NN ہونے|VB کا|P فیصلہ,O|UNK	0	0	0	0	0	0	0	0	0	2	22
دلالوں|NN کی|P اصلیت|NN اب|AP کسی|KD سے|SE چھپی|VB نہیں|NEG رہی|AA ہے.|UNK کل|Q تک|P جو|REP نظام|NN لپیٹنے|VB کی|P باتیں|NN کر|VB رہے|AA تھے|TA آج|NN کھسیانے|VB ہو|VB کر|KER اسی|PD نظام...|UNK 	0	0	2	2	2	1	0	0	0	0	26
"حضرت|NN #عمرؓ|UNK کے|P زمانہ|NN خلافت|NN میں|P جامع|ADJ مساجد|NN ""|PM کی|P تعداد|NN بارہ|CA ہزار|CA (12،000)|UNK تک|P پہنچ|VB چکی|AA تھی|TA ۔|SM از|P نظام|NN الحکومۃ|ADJ الاسلامیہ|PN ،|PM جِلد|NN دوم|OR ۔"",|UNK"	1	1	0	0	0	0	0	1	0	1	27
| کی|P یہ|PP اچھی|ADJ پالیسی|NN ہےکہ|SC مختلف|ADJ بہانےکرکے|UNK کسی|KD کیس|NN کو|P تاخیرمیں|UNK ڈالتےرہواورعوام|UNK کےسامنےمعصوم|UNK بن|VB کرجھوٹ|UNK بولتےرہو|UNK کہ|SC ہمیں|PP تو|I انصاف|NN نہیں|NEG مل|VB رہا|AA	1	0	0	2	2	0	1	1	2	0	24
اب|AP کے|P برس|NN بہار|NN بصیرت|NN کو|P ڈس|PN گئی|AA فکرو|NN نظر|NN کے|P جھومتے|VB باغات|NN جل|VB گئےساغر|UNK کٹے|VB کٹے|VB ہیں|TA ستارے|NN بجھے|VB بجھے|VB شائد|ADV میرے|G نصیب|NN کے|P دن|NN رات|NN جل|VB گئے,N|UNK	1	0	0	2	2	0	0	0	0	0	29
ڈآکٹر|PN دانش|NN (|PN سوال|NN یہ|PP ہے|TA )|PN اے|PN آر|PN وائی|PN کا|P ٹیوٹر|PN اکائونٹ|NN ہیک|I ہو|VB گیا|AA ہے|VB کوئی|Q بھی|I شخص|NN ان|PP کو|P ٹیوٹ|PN نہ|NEG کر|VB ے|NN اور|CC نہ|NEG ہی.|UNK	0	0	0	0	0	2	0	0	0	0	29
زندگی|NN اپنے|GR لہو|NN کا|P نام|NN ہےزندگی|AA ایک|CA آرزو|NN ے|NN خام|ADJ ہے|VB زندگی|NN حسرت|NN بھری|ADJ فریاد|NN ہے|VB زندگی|NN گویا|SC کسی|KD یاد|NN ہےسوزش|UNK درد|NN جگر|NN ہے...|UNK 	1	0	2	2	2	0	0	2	2	0	24
| ایک|CA مشورہ|NN ھے۔۔۔۔|UNK #چندے_سے_انقلاب|UNK تو|SC ممکن|ADJ نہیں|NEG بنی|VB گالا|VB کا|P کنکشن|NN شاید|ADV بحال|ADJ ھوجائے۔۔۔۔|UNK یا|CC پھر|ADV پختون|NN ڈیزل|NN ھی|NN سے|SE کام|NN چلایے|VB	0	0	0	0	0	0	2	1	2	0	23
جس|REP دن|NN ہم|PP میں|P دین|NN کا|P فہم|NN پیدا|NN ہو|VB جائے|AA گا|TA اس|PD دن|NN سارے|ADJ مولویوں|NN کو|P اپنی|GR اپنی|GR دوکانیں|NN بند|ADJ کر|VB کے|P بهاگنا|UNK پڑ|AA جائے|AA گا!,N|UNK	1	0	2	0	0	0	0	2	0	0	26
لوگوں|NN سے|SE دھرنے|VB کے|P لیے|ADV چندہ|NN مانگنے|VB والا|WALA اپنا|GR 300|CA کنال|U کا|P بنی|VB گالہ|NN کا|P گھر|NN کیوں|QW نہیں|NEG پیج|NN کر|VB دھرنے|VB خرچے|NN پورے|ADJ کرتا؟#KaptanDiesel,P|UNK	0	0	2	2	2	0	1	0	0	0	24
ریاست|NN خلافت|NN اسلام|NN کی|P محافظ|NN اور|CC مسلمانوں|NN کے|P امور|NN کی|P نگہبان|NN ھوتی|VB ھے|AA اگر|SC ان|PD دونوں|OR فرائض|NN کی|P ادائیگی|NN کو|P ترک|NN کرتی|VB ھے|AA تو.|UNK	1	1	2	2	2	0	0	0	0	0	24
کچی|ADJ شراب|NN پی|VB کر|VB قائم|ADJ علی|PN شاہ|PN (شہید)ھوگئےپٹواریوں|UNK کو|P اطلاع|NN دی|VB جاتی|AA ہےکہ|SC شاہ|PN جی|PN کی|P چیتا|NN کو|P بعد|NN از|P عصر|NN جلایا|VB جائے|AA گا|TA 	0	0	2	2	0	0	0	2	0	0	24
الٰہی|PN محبوب|NN کل|Q جہاں|AP کو|P دل|NN و|CC جـــــــگر|UNK کا|P سلام|NN پہنچےنفس|UNK نفس|NN کا|P درود|NN پہنچے،|UNK نظر|NN نظر|NN کا|P سلام|NN پہنچـــــــےصلی|UNK اللہ|PN علیہ|NN وسلم,P|UNK	1	1	0	0	0	0	0	0	0	1	23
حضرت|NN علی|NN رضی|PN اللہ|NN عنہ|NN کہتے|VB ہیں|TA رسول|PN اللہ|PN صلی|PN اللہ|PN علیہ|PN وسلم|PN نے|P فرمایا:|NN ’’مہدی|UNK ہمارے|G اہل|ADJ بیت|NN میں|P سے|SE ہو|VB گا|TA اور..UNK	1	0	0	0	0	0	0	1	0	1	24
دوبئی|NN ٹیسٹ|NN کے|P پہلے|NN دن|NN پاکستان|PN کی|P آسٹریلیا|PN کے|P خلاف|NN بیٹنگ|NN مشکلات|NN کا|P شکار۔۔|UNK ۔۔۔میچ|UNK پی|PN ٹی|PN وی|PN سپورٹس|PN پر|P براہ|NN راست,N|UNK	1	0	2	2	2	0	0	0	0	0	22
"آج|NN میرے|G مضمون|NN کا|P عنوان|NN ہے|TA کہ|SC ""|PM بھائی|NN صرف|ADV وہ|PP ہوتے|VB ہیں|VB جنہیں|REP اللہ|PN نے|P ہمارا|G بھائی|NN بنایا|VB ہے|TA ""کچھ|UNK لوگوں|NN کو|P میرا...|UNK"	0	0	0	0	0	0	0	0	0	2	24
| لبرل|PN اس|PD لئے|NN بنتے|VB ہیں|TA کہ|SC یہاں|AP اقلیت|NN میں|P ہیں|TA اکثریت|NN میں|P ھوتے|VB ایران|PN عراق|PN شام|NN کی|P طرح|NN تو|I عمر|NN عثمان|NN عائشہ|NN نام|NN رکھنے|VB پر|P لٹکا|VB دیتے|VB	1	1	2	2	0	0	0	0	0	1	28
سید|NN تو|I خود|RP مہاجر|NN ہیں،|UNK خورشید|PN شاہ|PN کیسا|AKP سید|NN ہے|VB جسے|REP اپنے|GR سید|NN ہونے|VB پر|P ندامت|NN اور|CC جاگیردار|NN ہونے|VB پر|P فخر|NN ہے؟,N|UNK	1	0	2	2	0	0	0	0	0	0	22
عمران|NN خان|NN صاحب|NN کو|P 30اور|UNK 31اگست|UNK کی|P درمیانی|ADJ شب|NN یقینا|ADV یاد|NN ہو|VB گی|TA جب|AP انکے|NN رفقاءاور|NN کارکنان|NN جلسے|NN کے|P بعد|NN وہاں|AP سے|SE جا|AA چکے.|UNK	1	0	0	0	0	0	0	1	0	1	24
| کل|Q سنا|VB ھے|AA جیو|PN نیوز|PN په|PN عمران|NN خان|NN کا|P پرانا|ADJ انٹرویو|NN چلایا|VB تھا.|UNK کیا|QW اب|AP جیو|PN معافی|NN مانگنے|VB والی|WALA ھے؟|UNK ویسے|ADJ فائده|PN بھی|I جیوکا|UNK اسی|PP میں|P ھے|AA	1	0	0	0	0	0	0	1	0	1	28
کپتان|NN مصباح|ADJ الحق|PN کاکہنا|P ہے|TA کہ|SC وہ|PP اپنی|GR کارکردگی|NN سےبہت|NN مطمئن|ADJ ہیں،|UNK کینگروزکے|UNK خلاف|NN کامیابی|NN کے|P لیے|ADV نئےکھلاڑیوں|NN کو|P اعتماد|NN دینا|VB ہوگا۔,|UNK	1	1	2	0	0	0	0	1	0	1	22
| دیکھیں|VB یہ|PD بات|NN بالکل|ADV درست|ADJ ھے۔|UNK سڑکیں|NN بلاک|NN کرنا|VB کسی|KD طور|NN درست|ADJ نہیں۔|UNK لیکن|SC انکا|PN نام|NN ٹویٹر|NN پر|P یا|CC حقیقی|ADJ زندگی|NN میں|P احترام|NN سے|SE لینا|VB چاھئے۔,N|UNK	0	0	2	2	0	1	0	0	0	0	27
تحریکِ|NN انصاف|NN کے|P دوست|NN دل|NN کھول|VB کر|VB برا|ADJ بھلا|ADJ کہیں،گالیاں|UNK دیں۔۔۔لیکن|UNK وقت|NN آئے|VB گا|TA کہ|SC ثابت|ADJ ہو|VB جائے|AA گا|TA کہ|SC ہمارا|G فیصلہ|NN ہم..|UNK	0	0	2	0	0	0	0	2	0	0	23
پیمرا|NN کے|P ایکشن|NN پرپرزور|UNK مذمت|NN کرتے|VB والوں|WALA کوآج|NN سانپ|NN سوگھ|UNK گیا|AA کیا|VB ؟کراچی|UNK کے|P اکثر|ADJ علاقوں|NN میں|P نیوز|PN چینلز|PN کی|P نشریات|NN بند,N|UNK	0	0	2	2	0	0	0	0	0	0	22
"یورپ،|UNK کینیڈا|PN اور|CC امریکہ|PN کے|P عوام|NN اپنے|GR پیسے|NN اور|CC زیور|NN کی|P سخت|ADJ حفاظت|NN کریں|VB ورنہ|SC وہاں|AP بھی|I #چندے_سے_انقلاب|UNK آ|VB سکتا|AA ہے|TA ـ"",N|UNK"	1	0	2	0	0	0	0	2	0	0	22
دھرنے|VB کے|P خاتمے|NN پر|P منفی|ADJ بیان|NN بازی|NN نہ|NEG کی|P جائے،|UNK وزیر|NN اعظم|NN کی|P ہدایتاسلام|UNK آباد:|UNK وزیر|NN اعظم|NN میاں|NN محمد|PN نواز|NN شریف|ADJ نے...|UNK	0	0	2	2	0	1	0	0	0	0	22
سندھ|NN میں|P ہر|Q قوم|NN اپنی|GR شناخت|NN میں|P برقرار|ADJ رہی|AA الطاف|NN حسین|ADJ نے|P مہاجر|NN نواز|NN شریف|ADJ نے|P پنچابی|NN اور|CC پی|VB پی|CA نے|P سندھی|PN ووٹ|NN بٹورا|VB جس|REP کا|P نتیجہ|NN سب|Q کے|P سامنے|NN ہے,P|UNK	0	0	2	0	0	0	0	1	1	1	31
"| زرداری|PN نےزبان|ADJ سے|SE چندے|NN کا|P لفظ|NN منہ|NN سے|SE نکالا|VB تو|I ٹوٹ|VB پڑے|AA اسکی|G اپیل|NN پرلوگوں|NN نےسمجھاشاید|UNK کہہ|VB رہا|AA ہے|TA چُندےیعنی|UNK دیوار|NN میں|P چُندے"""",P|UNK"	0	0	2	0	0	0	0	0	0	0	24
رسول|PN اللہ|PN صلی|PN اللہ|PN علیہ|PN وسلم|PN نےسودکھانے|UNK والے،|UNK اس|PP کے|P وکیل،|UNK اسکے|G کاتب|NN اور|CC اس|PP کے|P گواہ|NN پر|P لعنت|NN فرمائی|VB ہے|TA اور|CC فرمایا|VB کہ|SC وہ|PP سارے|ADJ برابر|ADJ ہیں(مسلم),P|UNK	0	0	2	2	0	0	0	0	0	0	28
رو|PN عمران|NN رو|PN ..یہ|UNK قوم|NN بے|PN حس..ڈھیٹ|UNK ..اور|UNK بے|PN غیرت|NN ہو|VB چکی|AA .اسے|UNK احساس|NN نہیں|NEG ہو|VB سکتا|AA کے|P کرپٹ|NN حکمران|NN انکے|NN ساتھ|NN کیا|VB کرتے,N|UNK	0	0	2	2	0	0	0	0	0	2	24
مسائل|NN سے|SE آگاہی|NN کا|P شور|NN تو|SC آپ|PP بهی|NN دل|NN کهول|VB کر|KER بیان|NN کرتے|VB ہیں|TA آپ|PP کیوں|QW کوئ|NN حل|NN نہیں|NEG بتاتے؟یہ|UNK ملک|NN صرف|ADV سیاست|NN دانوں|NN کا|P ہی|I ہے|TA جاوید|PN چوہدری|NN صاحب؟,N|UNK	1	0	2	2	0	0	2	0	0	0	30
|VB آج|NN ایک|CA پٹواری|NN کہتا|VB اسلام|NN کہتا|VB ہے|VB اگر|SC کوئی|Q گھر|NN سے|SE بھاگ|VB کے|P غلط|ADJ کام|NN کر|VB لے|AA تو|SC انکی|ADJ آپس|NN میں|P شادی|NN کروا|VB دو۔یہ|UNK کونسا|AKP اسلام|NN ہے؟,N|UNK	0	0	2	0	0	0	0	2	0	0	28
راولپنڈی فتح|UNK جنگ|NN بھرسان|UNK وین|PN جوٹینکرکی|UNK ٹکر2بارڑا|UNK فوت10زخمی|UNK جماعت|NN اھلسنت|NN پاران|UNK کراچی|PN م|PN سبھاٹی|UNK حضرت|NN عمررضی|ADJ جی|PN شھادت|NN جی|PN موقعی|ADJ تی|AA ریلی|NN کڈی|PN ویندی,N|UNK	0	0	2	2	0	0	0	0	0	0	24
| کو|P جواب|NN دینا|VB چائے|NN اب|AP هر|PN غریب|ADJ کارکنوں|NN کو|P جو|REP اپنا|GR سب|Q لوٹا|VB کہ|SC سابت|NN قدم|NN رهے|AA ظالموں|NN سے|SE زیادہ|ADV ظلم|NN کیا|VB هے|PN بغیر|NN مشورہ|NN لیے|ADV دهرنا|VB ختم|ADJ کر|VB کہ,N|UNK	0	0	2	2	2	0	0	2	0	0	31
ہمارے|G ممبر|NN چچا|PN چنگم|VB کی|P جانب|NN سے|SE بلاول|NN کی|P کراچی|PN جلسے|NN میں|P کی|VB گئی|AA تقریر|NN کی|P زبردست|ADJ پیروڈی|NN بھابی|NN ہوں|TA میں|P بھابی|NN ہوں|TA -.|UNK	0	0	2	0	0	0	0	1	0	0	24
جب|AP زخم|NN ناسور|NN بن|VB جائیں’|UNK تو|SC زخم|NN لگانے|VB والے|WALA کو|P فراموش|NN کرنا|VB نا|ADV ممکن|ADJ ہوجاتا|AA ہے۔|UNK یہ|PD بات|NN وہی|PP سمجھ|VB سکتا|AA ہے|VB جو|REP زخم|NN اٹھاتا|VB ہے۔,|UNK	0	0	2	2	2	0	2	1	0	0	26
دنیائے|NN حادثات|NN ہے|VB اک|NN درد|NN ناک|NN گیتدنیا|UNK کے|P حادثات|NN سے|SE گھبرا|NN کے|P پی|VB گیاکانٹے|UNK تو|I خیر|NN کانٹے|NN ہیں|TA ان|PP سےگلہ|NN ہی|I کیاپھولوں|UNK کی|P واردات|NN سے|SE گھبرا|NN کے|P پی|VB گیا,N|UNK	0	0	2	0	0	0	0	0	0	0	29
آقا|PN صلی|PN اللہ|PN علیہ|NN و|CC آلہ|NN وسلم|PN کے|P صحابہ|NN صحبت|NN کی|P وجہ|NN سے|SE ہی|I اتنے|Q پختہ|ADJ ایمان|NN اور|CC یقین|NN والے|WALA تهے|NN اور|CC ان|PP میں|P ان|PP کے|P مرشد|NN کا|P عکس|NN تها,P|UNK	1	1	0	0	0	0	0	1	0	1	30
ن|PN لیگ|PN وہ|PP پارٹی|NN ہےجوضیاکی|UNK بندوق|NN کےزور|NN پہ|SC وبائی|ADJ مرض|NN کی|P طرح|NN پهیلی|UNK جبک|PN ہتحریک|UNK انصاف|NN آہستہ|ADJ آہستہ|ADJ خوشبو|NN کی|P طرح|NN اپنا|GR اثر|NN دکھا|VB رہی|AA ہے,N|UNK	1	0	2	0	0	0	0	2	0	0	26
جلسے|NN کی|P ناکامی|NN کا|P غصه|NN جیو|PN نیوز|PN کے|P نمائیندے|NN پر|P اسکا|G کیمره|UNK توڑ|VB کر|VB نکالا|VB گیا.|UNK خان|NN جی|PN آپ|PP حقیقت|NN چھپا|VB نھی|PN سکتے|AA	0	0	2	2	2	0	0	0	0	0	23
ایم|PN کیو|PN ایم|PN کو|P منانے|VB کی|P کوئی|Q کوشش|NN نہیں|NEG کی،رحمان|UNK ملک گویا|UNK اس|PD بار|NN خود|RP ہی|I ذلیل|NN ہو|VB کہ|SC واپس|ADJ آ|VB جاویں|NN گےجیسے|AA طاھرکینیڈوی|UNK ذلیل|NN و|CC رسوا|VB ہو|VB کہ|SC آ|VB گئے,N|UNK	1	0	2	2	0	0	2	0	0	0	31
مجھے|PP ایسا|PP لطف|NN عطا|NN کیا،|UNK جو|REP ہجر|NN تھا|TA نہ|NEG وصال|NN تھامرے|UNK موسموں|NN کے|P مزاج|NN داں،|UNK تجھے|NN میرا|G کتنا|AKP خیال|NN تھاکسی|UNK اور|CC چہرے|NN کو...|UNK ,P|UNK	1	1	0	0	0	1	0	0	0	1	24
| سیتا|PN وایٔٹ|UNK کا|P وقوعہ|NN تو|SC مملکت|NN خداداد|PN پاکستان|PN کی|P حدود|NN سے|SE باہر|NN کا|P ہے،اس|UNK لیے|ADV اسلامی|PN حد|NN لاگو|ADJ نہیں|NEG ہو|VB سکتی،,N|UNK	0	0	0	0	0	0	2	0	0	0	22
آج|NN سے|SE بیس|CA سال|NN پہلے|NN ایک|CA عزیز|PN تعلیم|NN کے|P سلسلے|NN میں|P امریکہ|PN میں|P مقیم|ADJ تھا،|UNK اس|PP نے|P ایک|CA بار|NN مجھے|PP بتایا|VB کہ|SC جس|REP عمارت|NN میں|P اس...|UNKl,O|UNK	0	0	0	0	0	0	0	0	0	2	26
ڈیرہ|NN غازی|ADJ خان|NN :|PM تھانا|VB گدائی|NN میں|P زیر|NN حراست|NN ملزم|ADJ نے|P مبینہ|ADJ طور|NN پر|P خود|RP کو|P آگ|NN لگا|VB دی،زخمی|UNK ملزم|ADJ کو|P اسپتال|NN منتقل|ADJ کردیا|VB گیا،|UNK پولیس|NN	0	0	2	2	0	0	0	0	0	0	26
راولپنڈی|PN :ترقی|UNK کی|P بجائے|ADV تنزلی|NN کی|P رفتا|NN ر|PN بہت|ADV تیز|ADJ ہے|TA کرپٹ|NN اشرافیہ|NN اپنے|GR بیرون|ADJ ملک|NN اکاؤنٹس|NN کو|P بھررہی|VB ہے|TA جماعت|NN اسلامی.|UNK	1	0	0	2	2	0	0	2	0	0	22
۔شہدا|UNK نے|P پکارا|VB ہےتم|PN کوفردوس|NN کے|P بالا|NN خانوں|NN سے۔ہم|UNK راہ|NN وفا|PN میں|P کٹ|VB آۓ|NN تم|PP کوپیارہےابھی|UNK تک|P اپنی|GR جانوں|NN سے۔28ذوالحج|UNK یوم|PN شھادت|NN محمد|PN عثمان|NN باغائي,P|UNK	1	1	0	0	0	0	0	0	0	1	25
| میں|P منٹو|NN سے|SE شرمنده|ADJ هوں|NN آج.|UNK .|SM .|SM دل|NN چاہاکہ|ADV ترتیب|NN ٹهیک|VB کردوں.|UNK .مگر|UNK امرتا|PN پریتم|PN سب|Q سے|SE نچلی|ADJ شیلف|NN میں|P دیکه|VB کر|VB دو|CA آنسو|NN حلق|NN میں|P اتارے.,N|UNK	1	0	2	2	0	0	0	0	0	0	29
نیوز|PN چینلز|PN کے|P پرائم|PN ٹائم|NN پر|P لایا|VB گیا|AA انقلاب|NN اٹھ|VB گیاخطرہ|UNK ہے|TA انقلاب|NN کے|P روح|NN رواں|ADJ CONSTIPATIONکا|UNK شکار|NN نہ|NEG ہوں|TA لہذا|SC وقت|NN پر|P اسبغول|NN پی|VB لیا|AA کریں,N|UNK	1	0	2	2	2	1	0	0	0	0	27
پانچ|CA فیصد|NN دیوبندی|NN تک فیری|NN اقلیت|NN کی|P پچھتر|CA فیصد|NN سنی|VB بریلوی|PN صوفی|NN اکثریت|NN کے|P خلاف|NN دہشت|NN گردی|NN کب|AKP تک؟|UNK –|PN فاروق|PN چشتی|PN	1	0	2	2	2	0	0	0	0	0	22
پاکستان|PN میں|P جب|AP لیڈر|NN کی|P موت|NN اتی|VB ھے|AA وہ|PP چینل|NN بند|ADJ کرنے|VB کو|P دوڑتا|VB ھے.آپس|UNK کی|P بات|NN ھے|AA ن|PN لیگی|PN لیڈر|NN اور|CC گیدڑ|NN میں|P فرق|NN تلاش|NN کرنا|VB ناممکن|ADJ ھے|AA	1	0	2	2	0	0	0	2	0	0	29
مفتی|ADJ محمود|PN نےکہا|PN تھاخدا|UNK کا|P شکر،|UNK ہم|PP پاکستان|PN بنانےکےگناہ|UNK میں|P شامل|ADJ نہیں|NEG تھےپھرمفتی|UNK صاب|NN مغربی|ADJ جمہوریت|NN کا|P حصہ|NN دار|NN بن|VB کرسرحد|AA کےوزیراعلی|PN لگ|VB گئے|AA 😐,P|UNK	1	0	2	0	0	1	0	0	0	1	25
ر|PN ایک|CA بچے|NN کی|P سکول|NN میں|P موجودگی|NN یقینی|ADJ بنانے|VB کےلئے|NN ریاست|NN کو|P تعلیمی|ADJ معاملات|NN سے|SE نمٹنے|VB کےلئے|NN نئی|ADJ قوت|NN کےساتھ|PN عزم|NN کو|P یقینی…|UNK ,P|UNK	1	0	0	0	0	0	0	1	1	1	24
جس|REP ملک|NN میں|P انصاف|NN نہیں|NEG ملتا|VB ،|PM وہاں|AP حق|NN کا|P بول|VB بالا|NN کیسے|AKP ہو|VB سکتا|AA ہے؟|UNK اس|PD ملک|NN کو|P سب|Q سے|SE زیادہ|ADV نقصان|NN اہل|ADJ انصاف|NN نے|P دیا:#,N|UNK	1	0	2	0	0	0	2	0	0	0	27
آج|NN قادری|ADJ صاحب|I نے|P کچھ|Q عمران|NN خان|NN سے|SE مایوس|ADJ ہو|VB کر|KER اور|CC کچھ|Q ڈیل|PN کے|P نتیجے|NN میں|P اپنا|GR دھرنا|VB ختم|ADJ کر|VB دیا-|UNK اس|PD فیصلے|NN کے|P کئی...|UNK	1	0	2	0	0	0	0	2	0	0	26
حضرت|NN عمرؓ|NN اکثر|ADV کہا|VB کرتے|VB تھے|TA اے|PN عمرؓ|NN تجھے|NN تو|SC اونٹ|NN چلانے|VB نہ|NEG آتے|VB تھے|TA آج|NN اسلام|NN نے|P تجھے|NN کہاں|AKP پہنچا|VB دیا,P|UNK	0	0	2	0	0	0	2	0	0	0	22
@BholiSK|UNK اور|CC ویسے|ADJ بھی|I بیمارکا|UNK علا|PN ج|PN کیا|VB جاتاھے|AA مردے|NN کانھیں.نورے|UNK اور|CC زرداری|PN کا|P علاج|NN نھیں|NN ھو|VB سکتا|AA کیونکه|PN یه|PN مر|VB چکے|AA ھیں|NN ..تدفین|UNK باقی|ADJ ھے|AA ان|PP کی.,N|UNK	0	0	2	2	0	0	0	0	0	0	28
مولانا|PN صاحب|I آپ|PP کی|P عزت|NN لوگ|NN آپ|PP کے|P والد|NN صاحب|NN کی|P وجہ|NN سے|SE کرتے|VB ہیں،|UNK کل|Q آپ|PP کے|P مدرسوں|NN پر|P بھی|I کئی|Q سوالات|NN اٹھ|VB سکتے|AA ہیں|TA f,P|UNK	1	0	0	0	0	0	0	0	0	1	27
آپؓ|NN کا|P اسم|NN گرامی|NN ’’عمر‘‘|UNK لقب|NN ’’فاروق‘‘|UNK اور|CC کنیت|NN ’’ابوحفص‘‘|UNK ہے۔|UNK سیدنا|PN عمرؓ|NN کا|P نسب|NN مبارک|ADJ نویں|OR پشت|NN پر|P سیدنا|PN محمدﷺ|UNK سے|SE جا|VB ملتا|VB ہے۔سیدنا|UNK عمر,P|UNK	1	0	0	0	0	0	0	0	1	1	26
پارلیمنٹ|NN ،|PM صوبائی|ADJ اسمبلیاں|NN ،|PM وفاقی|ADJ اور|CC صوبائی|ADJ حکومتیں|NN عوام|NN کی|P پریشانیوں|NN اور|CC معاشرے|NN کی|P بدترین|ADJ ٹوٹ|VB پھوٹ|NN سے|SE بے|PN خبر|NN ہیں|TA .,N|UNK	0	0	2	2	2	0	0	0	2	0	23
|PN اور|CC اگر|SC پی|PN ٹی|PN آئ|PN نے|P کها|VB که|PN الیکشن|NN ضمنی|ADJ نهیں|NEG ھونے|VB دینے|VB تو|SC پانچ|CA فی|Q صد|NN ٹرن|PN آوٹ|NN ھوگا.|UNK اور|CC یا|CC نهیں|NEG ھونگے.,N|UNK	0	0	0	0	0	0	2	0	0	0	25
